date,hh_hl_count,lh_ll_count,transition_count,sector_count,overlay_direction,overlay_position_signal
2010-02-26,3,3,3,9,TRANSITION,0
2010-03-05,3,3,3,9,TRANSITION,0
2010-03-12,4,3,2,9,HH/HL,1
2010-03-19,3,4,2,9,LH/LL,-1
2010-03-26,3,5,1,9,LH/LL,-1
2010-04-02,4,4,1,9,TRANSITION,0
2010-04-09,5,4,0,9,HH/HL,1
2010-04-16,5,4,0,9,HH/HL,1
2010-04-23,6,3,0,9,HH/HL,1
2010-04-30,5,4,0,9,HH/HL,1
2010-05-07,3,2,4,9,HH/HL,1
2010-05-14,4,4,1,9,TRANSITION,0
2010-05-21,4,4,1,9,TRANSITION,0
2010-05-28,3,4,2,9,LH/LL,-1
2010-06-04,4,4,1,9,TRANSITION,0
2010-06-11,4,4,1,9,TRANSITION,0
2010-06-18,4,4,1,9,TRANSITION,0
2010-06-25,3,4,2,9,LH/LL,-1
2010-07-02,3,2,4,9,HH/HL,1
2010-07-09,4,2,3,9,HH/HL,1
2010-07-16,4,2,3,9,HH/HL,1
2010-07-23,3,2,4,9,HH/HL,1
2010-07-30,2,3,4,9,LH/LL,-1
2010-08-06,3,3,3,9,TRANSITION,0
2010-08-13,5,2,2,9,HH/HL,1
2010-08-20,4,3,2,9,HH/HL,1
2010-08-27,4,2,3,9,HH/HL,1
2010-09-03,4,2,3,9,HH/HL,1
2010-09-10,4,4,1,9,TRANSITION,0
2010-09-17,4,3,2,9,HH/HL,1
2010-09-24,2,4,3,9,LH/LL,-1
2010-10-01,3,3,3,9,TRANSITION,0
2010-10-08,4,3,2,9,HH/HL,1
2010-10-15,5,3,1,9,HH/HL,1
2010-10-22,4,3,2,9,HH/HL,1
2010-10-29,3,4,2,9,LH/LL,-1
2010-11-05,3,5,1,9,LH/LL,-1
2010-11-12,3,4,2,9,LH/LL,-1
2010-11-19,5,4,0,9,HH/HL,1
2010-11-26,3,4,2,9,LH/LL,-1
2010-12-03,3,5,1,9,LH/LL,-1
2010-12-10,4,5,0,9,LH/LL,-1
2010-12-17,3,5,1,9,LH/LL,-1
2010-12-24,3,4,2,9,LH/LL,-1
2010-12-31,4,5,0,9,LH/LL,-1
2011-01-07,4,4,1,9,TRANSITION,0
2011-01-14,3,5,1,9,LH/LL,-1
2011-01-21,3,5,1,9,LH/LL,-1
2011-01-28,3,5,1,9,LH/LL,-1
2011-02-04,4,5,0,9,LH/LL,-1
2011-02-11,3,5,1,9,LH/LL,-1
2011-02-18,3,5,1,9,LH/LL,-1
2011-02-25,4,4,1,9,TRANSITION,0
2011-03-04,3,5,1,9,LH/LL,-1
2011-03-11,2,6,1,9,LH/LL,-1
2011-03-18,5,4,0,9,HH/HL,1
2011-03-25,5,4,0,9,HH/HL,1
2011-04-01,5,2,2,9,HH/HL,1
2011-04-08,5,3,1,9,HH/HL,1
2011-04-15,5,2,2,9,HH/HL,1
2011-04-22,5,2,2,9,HH/HL,1
2011-04-29,3,2,4,9,HH/HL,1
2011-05-06,5,4,0,9,HH/HL,1
2011-05-13,5,4,0,9,HH/HL,1
2011-05-20,5,4,0,9,HH/HL,1
2011-05-27,5,3,1,9,HH/HL,1
2011-06-03,5,4,0,9,HH/HL,1
2011-06-10,3,5,1,9,LH/LL,-1
2011-06-17,3,4,2,9,LH/LL,-1
2011-06-24,5,3,1,9,HH/HL,1
2011-07-01,3,2,4,9,HH/HL,1
2011-07-08,4,1,4,9,HH/HL,1
2011-07-15,4,3,2,9,HH/HL,1
2011-07-22,4,4,1,9,TRANSITION,0
2011-07-29,4,4,1,9,TRANSITION,0
2011-08-05,4,3,2,9,HH/HL,1
2011-08-12,4,5,0,9,LH/LL,-1
2011-08-19,3,5,1,9,LH/LL,-1
2011-08-26,4,5,0,9,LH/LL,-1
2011-09-02,4,5,0,9,LH/LL,-1
2011-09-09,3,5,1,9,LH/LL,-1
2011-09-16,3,2,4,9,HH/HL,1
2011-09-23,4,4,1,9,TRANSITION,0
2011-09-30,5,4,0,9,HH/HL,1
2011-10-07,3,3,3,9,TRANSITION,0
2011-10-14,2,4,3,9,LH/LL,-1
2011-10-21,3,2,4,9,HH/HL,1
2011-10-28,4,3,2,9,HH/HL,1
2011-11-04,5,3,1,9,HH/HL,1
2011-11-11,5,4,0,9,HH/HL,1
2011-11-18,4,4,1,9,TRANSITION,0
2011-11-25,3,2,4,9,HH/HL,1
2011-12-02,5,1,3,9,HH/HL,1
2011-12-09,4,2,3,9,HH/HL,1
2011-12-16,5,4,0,9,HH/HL,1
2011-12-23,2,4,3,9,LH/LL,-1
2011-12-30,0,4,5,9,LH/LL,-1
2012-01-06,3,4,2,9,LH/LL,-1
2012-01-13,3,3,3,9,TRANSITION,0
2012-01-20,4,2,3,9,HH/HL,1
2012-01-27,4,3,2,9,HH/HL,1
2012-02-03,5,4,0,9,HH/HL,1
2012-02-10,5,3,1,9,HH/HL,1
2012-02-17,5,3,1,9,HH/HL,1
2012-02-24,5,3,1,9,HH/HL,1
2012-03-02,3,5,1,9,LH/LL,-1
2012-03-09,2,5,2,9,LH/LL,-1
2012-03-16,1,5,3,9,LH/LL,-1
2012-03-23,3,5,1,9,LH/LL,-1
2012-03-30,3,4,2,9,LH/LL,-1
2012-04-06,3,4,2,9,LH/LL,-1
2012-04-13,4,4,1,9,TRANSITION,0
2012-04-20,4,3,2,9,HH/HL,1
2012-04-27,3,3,3,9,TRANSITION,0
2012-05-04,4,2,3,9,HH/HL,1
2012-05-11,4,3,2,9,HH/HL,1
2012-05-18,4,5,0,9,LH/LL,-1
2012-05-25,4,5,0,9,LH/LL,-1
2012-06-01,3,5,1,9,LH/LL,-1
2012-06-08,3,5,1,9,LH/LL,-1
2012-06-15,2,5,2,9,LH/LL,-1
2012-06-22,4,4,1,9,TRANSITION,0
2012-06-29,2,3,4,9,LH/LL,-1
2012-07-06,2,4,3,9,LH/LL,-1
2012-07-13,2,4,3,9,LH/LL,-1
2012-07-20,4,4,1,9,TRANSITION,0
2012-07-27,4,4,1,9,TRANSITION,0
2012-08-03,2,3,4,9,LH/LL,-1
2012-08-10,2,4,3,9,LH/LL,-1
2012-08-17,2,5,2,9,LH/LL,-1
2012-08-24,3,5,1,9,LH/LL,-1
2012-08-31,3,3,3,9,TRANSITION,0
2012-09-07,3,3,3,9,TRANSITION,0
2012-09-14,4,4,1,9,TRANSITION,0
2012-09-21,4,4,1,9,TRANSITION,0
2012-09-28,4,4,1,9,TRANSITION,0
2012-10-05,3,4,2,9,LH/LL,-1
2012-10-12,2,3,4,9,LH/LL,-1
2012-10-19,4,2,3,9,HH/HL,1
2012-10-26,5,4,0,9,HH/HL,1
2012-11-02,5,3,1,9,HH/HL,1
2012-11-09,6,1,2,9,HH/HL,1
2012-11-16,4,3,2,9,HH/HL,1
2012-11-23,4,3,2,9,HH/HL,1
2012-11-30,4,3,2,9,HH/HL,1
2012-12-07,3,5,1,9,LH/LL,-1
2012-12-14,3,5,1,9,LH/LL,-1
2012-12-21,2,2,5,9,TRANSITION,0
2012-12-28,2,3,4,9,LH/LL,-1
2013-01-04,3,5,1,9,LH/LL,-1
2013-01-11,3,4,2,9,LH/LL,-1
2013-01-18,4,4,1,9,TRANSITION,0
2013-01-25,5,4,0,9,HH/HL,1
2013-02-01,5,3,1,9,HH/HL,1
2013-02-08,5,2,2,9,HH/HL,1
2013-02-15,6,2,1,9,HH/HL,1
2013-02-22,6,2,1,9,HH/HL,1
2013-03-01,6,2,1,9,HH/HL,1
2013-03-08,5,4,0,9,HH/HL,1
2013-03-15,4,4,1,9,TRANSITION,0
2013-03-22,5,4,0,9,HH/HL,1
2013-03-29,5,4,0,9,HH/HL,1
2013-04-05,3,4,2,9,LH/LL,-1
2013-04-12,4,4,1,9,TRANSITION,0
2013-04-19,4,4,1,9,TRANSITION,0
2013-04-26,4,5,0,9,LH/LL,-1
2013-05-03,4,4,1,9,TRANSITION,0
2013-05-10,3,4,2,9,LH/LL,-1
2013-05-17,3,2,4,9,HH/HL,1
2013-05-24,5,3,1,9,HH/HL,1
2013-05-31,6,3,0,9,HH/HL,1
2013-06-07,4,3,2,9,HH/HL,1
2013-06-14,4,3,2,9,HH/HL,1
2013-06-21,4,5,0,9,LH/LL,-1
2013-06-28,2,4,3,9,LH/LL,-1
2013-07-05,3,4,2,9,LH/LL,-1
2013-07-12,3,3,3,9,TRANSITION,0
2013-07-19,3,2,4,9,HH/HL,1
2013-07-26,4,4,1,9,TRANSITION,0
2013-08-02,3,2,4,9,HH/HL,1
2013-08-09,4,2,3,9,HH/HL,1
2013-08-16,4,4,1,9,TRANSITION,0
2013-08-23,3,5,1,9,LH/LL,-1
2013-08-30,4,4,1,9,TRANSITION,0
2013-09-06,4,5,0,9,LH/LL,-1
2013-09-13,6,3,0,9,HH/HL,1
2013-09-20,5,3,1,9,HH/HL,1
2013-09-27,5,3,1,9,HH/HL,1
2013-10-04,4,4,1,9,TRANSITION,0
2013-10-11,4,3,2,9,HH/HL,1
2013-10-18,3,1,5,9,HH/HL,1
2013-10-25,4,2,3,9,HH/HL,1
2013-11-01,4,3,2,9,HH/HL,1
2013-11-08,2,4,3,9,LH/LL,-1
2013-11-15,2,5,2,9,LH/LL,-1
2013-11-22,3,4,2,9,LH/LL,-1
2013-11-29,3,4,2,9,LH/LL,-1
2013-12-06,2,4,3,9,LH/LL,-1
2013-12-13,4,4,1,9,TRANSITION,0
2013-12-20,4,4,1,9,TRANSITION,0
2013-12-27,3,3,3,9,TRANSITION,0
2014-01-03,4,4,1,9,TRANSITION,0
2014-01-10,4,3,2,9,HH/HL,1
2014-01-17,4,3,2,9,HH/HL,1
2014-01-24,1,2,6,9,LH/LL,-1
2014-01-31,2,6,1,9,LH/LL,-1
2014-02-07,3,6,0,9,LH/LL,-1
2014-02-14,3,5,1,9,LH/LL,-1
2014-02-21,3,4,2,9,LH/LL,-1
2014-02-28,3,3,3,9,TRANSITION,0
2014-03-07,4,4,1,9,TRANSITION,0
2014-03-14,4,2,3,9,HH/HL,1
2014-03-21,3,2,4,9,HH/HL,1
2014-03-28,4,3,2,9,HH/HL,1
2014-04-04,5,3,1,9,HH/HL,1
2014-04-11,5,3,1,9,HH/HL,1
2014-04-18,4,3,2,9,HH/HL,1
2014-04-25,5,4,0,9,HH/HL,1
2014-05-02,5,4,0,9,HH/HL,1
2014-05-09,5,4,0,9,HH/HL,1
2014-05-16,3,2,4,9,HH/HL,1
2014-05-23,2,3,4,9,LH/LL,-1
2014-05-30,3,3,3,9,TRANSITION,0
2014-06-06,3,4,2,9,LH/LL,-1
2014-06-13,3,2,4,9,HH/HL,1
2014-06-20,3,2,4,9,HH/HL,1
2014-06-27,3,2,4,9,HH/HL,1
2014-07-04,1,3,5,9,LH/LL,-1
2014-07-11,2,4,3,9,LH/LL,-1
2014-07-18,3,4,2,9,LH/LL,-1
2014-07-25,3,5,1,9,LH/LL,-1
2014-08-01,2,4,3,9,LH/LL,-1
2014-08-08,3,3,3,9,TRANSITION,0
2014-08-15,3,5,1,9,LH/LL,-1
2014-08-22,3,5,1,9,LH/LL,-1
2014-08-29,2,3,4,9,LH/LL,-1
2014-09-05,2,3,4,9,LH/LL,-1
2014-09-12,4,3,2,9,HH/HL,1
2014-09-19,3,4,2,9,LH/LL,-1
2014-09-26,4,2,3,9,HH/HL,1
2014-10-03,4,3,2,9,HH/HL,1
2014-10-10,3,4,2,9,LH/LL,-1
2014-10-17,3,3,3,9,TRANSITION,0
2014-10-24,4,4,1,9,TRANSITION,0
2014-10-31,4,4,1,9,TRANSITION,0
2014-11-07,3,3,3,9,TRANSITION,0
2014-11-14,3,3,3,9,TRANSITION,0
2014-11-21,3,3,3,9,TRANSITION,0
2014-11-28,3,3,3,9,TRANSITION,0
2014-12-05,5,3,1,9,HH/HL,1
2014-12-12,5,2,2,9,HH/HL,1
2014-12-19,6,3,0,9,HH/HL,1
2014-12-26,5,3,1,9,HH/HL,1
2015-01-02,5,4,0,9,HH/HL,1
2015-01-09,4,2,3,9,HH/HL,1
2015-01-16,2,1,6,9,HH/HL,1
2015-01-23,3,2,4,9,HH/HL,1
2015-01-30,5,3,1,9,HH/HL,1
2015-02-06,3,3,3,9,TRANSITION,0
2015-02-13,2,1,6,9,HH/HL,1
2015-02-20,4,2,3,9,HH/HL,1
2015-02-27,4,3,2,9,HH/HL,1
2015-03-06,4,3,2,9,HH/HL,1
2015-03-13,5,3,1,9,HH/HL,1
2015-03-20,4,5,0,9,LH/LL,-1
2015-03-27,3,5,1,9,LH/LL,-1
2015-04-03,4,4,1,9,TRANSITION,0
2015-04-10,4,4,1,9,TRANSITION,0
2015-04-17,4,3,2,9,HH/HL,1
2015-04-24,2,3,4,9,LH/LL,-1
2015-05-01,2,4,3,9,LH/LL,-1
2015-05-08,2,5,2,9,LH/LL,-1
2015-05-15,2,5,2,9,LH/LL,-1
2015-05-22,2,4,3,9,LH/LL,-1
2015-05-29,4,5,0,9,LH/LL,-1
2015-06-05,3,4,2,9,LH/LL,-1
2015-06-12,2,4,3,9,LH/LL,-1
2015-06-19,3,5,1,9,LH/LL,-1
2015-06-26,3,6,0,9,LH/LL,-1
2015-07-03,3,5,1,9,LH/LL,-1
2015-07-10,3,5,1,9,LH/LL,-1
2015-07-17,4,5,0,9,LH/LL,-1
2015-07-24,5,4,0,9,HH/HL,1
2015-07-31,5,3,1,9,HH/HL,1
2015-08-07,6,3,0,9,HH/HL,1
2015-08-14,4,3,2,9,HH/HL,1
2015-08-21,5,1,3,9,HH/HL,1
2015-08-28,2,1,6,9,HH/HL,1
2015-09-04,4,4,1,9,TRANSITION,0
2015-09-11,5,3,1,9,HH/HL,1
2015-09-18,5,2,2,9,HH/HL,1
2015-09-25,5,4,0,9,HH/HL,1
2015-10-02,3,4,2,9,LH/LL,-1
2015-10-09,4,2,3,9,HH/HL,1
2015-10-16,5,2,2,9,HH/HL,1
2015-10-23,5,2,2,9,HH/HL,1
2015-10-30,4,2,3,9,HH/HL,1
2015-11-06,1,3,5,9,LH/LL,-1
2015-11-13,1,3,5,9,LH/LL,-1
2015-11-20,2,3,4,9,LH/LL,-1
2015-11-27,2,5,3,10,LH/LL,-1
2015-12-04,5,1,4,10,HH/HL,1
2015-12-11,4,1,5,10,HH/HL,1
2015-12-18,6,3,1,10,HH/HL,1
2015-12-25,5,4,1,10,HH/HL,1
2016-01-01,4,5,1,10,LH/LL,-1
2016-01-08,4,6,0,10,LH/LL,-1
2016-01-15,4,5,1,10,LH/LL,-1
2016-01-22,4,6,0,10,LH/LL,-1
2016-01-29,3,4,3,10,LH/LL,-1
2016-02-05,3,3,4,10,TRANSITION,0
2016-02-12,4,2,4,10,HH/HL,1
2016-02-19,5,4,1,10,HH/HL,1
2016-02-26,4,4,2,10,TRANSITION,0
2016-03-04,4,3,3,10,HH/HL,1
2016-03-11,3,3,4,10,TRANSITION,0
2016-03-18,4,1,5,10,HH/HL,1
2016-03-25,4,3,3,10,HH/HL,1
2016-04-01,5,2,3,10,HH/HL,1
2016-04-08,6,3,1,10,HH/HL,1
2016-04-15,3,3,4,10,TRANSITION,0
2016-04-22,2,1,7,10,HH/HL,1
2016-04-29,2,3,5,10,LH/LL,-1
2016-05-06,4,3,3,10,HH/HL,1
2016-05-13,5,2,3,10,HH/HL,1
2016-05-20,6,1,3,10,HH/HL,1
2016-05-27,3,2,5,10,HH/HL,1
2016-06-03,3,2,5,10,HH/HL,1
2016-06-10,1,3,6,10,LH/LL,-1
2016-06-17,3,5,2,10,LH/LL,-1
2016-06-24,5,2,3,10,HH/HL,1
2016-07-01,5,2,3,10,HH/HL,1
2016-07-08,7,2,1,10,HH/HL,1
2016-07-15,7,3,0,10,HH/HL,1
2016-07-22,6,3,1,10,HH/HL,1
2016-07-29,3,3,4,10,TRANSITION,0
2016-08-05,2,5,3,10,LH/LL,-1
2016-08-12,2,6,2,10,LH/LL,-1
2016-08-19,2,7,1,10,LH/LL,-1
2016-08-26,2,6,2,10,LH/LL,-1
2016-09-02,3,6,1,10,LH/LL,-1
2016-09-09,5,5,0,10,TRANSITION,0
2016-09-16,3,6,1,10,LH/LL,-1
2016-09-23,4,5,1,10,LH/LL,-1
2016-09-30,3,5,2,10,LH/LL,-1
2016-10-07,1,5,4,10,LH/LL,-1
2016-10-14,2,3,5,10,LH/LL,-1
2016-10-21,4,5,1,10,LH/LL,-1
2016-10-28,3,4,3,10,LH/LL,-1
2016-11-04,4,2,4,10,HH/HL,1
2016-11-11,2,3,5,10,LH/LL,-1
2016-11-18,3,4,3,10,LH/LL,-1
2016-11-25,4,5,1,10,LH/LL,-1
2016-12-02,4,5,1,10,LH/LL,-1
2016-12-09,5,5,0,10,TRANSITION,0
2016-12-16,5,5,0,10,TRANSITION,0
2016-12-23,4,5,1,10,LH/LL,-1
2016-12-30,2,4,4,10,LH/LL,-1
2017-01-06,4,2,4,10,HH/HL,1
2017-01-13,3,4,3,10,LH/LL,-1
2017-01-20,4,5,1,10,LH/LL,-1
2017-01-27,3,3,4,10,TRANSITION,0
2017-02-03,3,4,3,10,LH/LL,-1
2017-02-10,4,5,1,10,LH/LL,-1
2017-02-17,4,3,3,10,HH/HL,1
2017-02-24,4,4,2,10,TRANSITION,0
2017-03-03,4,4,2,10,TRANSITION,0
2017-03-10,4,5,1,10,LH/LL,-1
2017-03-17,5,4,1,10,HH/HL,1
2017-03-24,4,5,1,10,LH/LL,-1
2017-03-31,5,5,0,10,TRANSITION,0
2017-04-07,6,3,1,10,HH/HL,1
2017-04-14,6,4,0,10,HH/HL,1
2017-04-21,6,3,1,10,HH/HL,1
2017-04-28,6,2,2,10,HH/HL,1
2017-05-05,3,3,4,10,TRANSITION,0
2017-05-12,3,6,1,10,LH/LL,-1
2017-05-19,3,6,1,10,LH/LL,-1
2017-05-26,2,7,1,10,LH/LL,-1
2017-06-02,3,6,1,10,LH/LL,-1
2017-06-09,4,2,4,10,HH/HL,1
2017-06-16,4,2,4,10,HH/HL,1
2017-06-23,5,1,4,10,HH/HL,1
2017-06-30,5,4,1,10,HH/HL,1
2017-07-07,3,4,3,10,LH/LL,-1
2017-07-14,4,6,0,10,LH/LL,-1
2017-07-21,2,6,2,10,LH/LL,-1
2017-07-28,3,5,2,10,LH/LL,-1
2017-08-04,1,5,4,10,LH/LL,-1
2017-08-11,2,5,3,10,LH/LL,-1
2017-08-18,2,5,3,10,LH/LL,-1
2017-08-25,2,5,3,10,LH/LL,-1
2017-09-01,2,5,3,10,LH/LL,-1
2017-09-08,4,4,2,10,TRANSITION,0
2017-09-15,5,5,0,10,TRANSITION,0
2017-09-22,4,4,2,10,TRANSITION,0
2017-09-29,4,3,3,10,HH/HL,1
2017-10-06,4,5,1,10,LH/LL,-1
2017-10-13,4,5,1,10,LH/LL,-1
2017-10-20,5,5,0,10,TRANSITION,0
2017-10-27,4,5,1,10,LH/LL,-1
2017-11-03,3,5,2,10,LH/LL,-1
2017-11-10,2,4,4,10,LH/LL,-1
2017-11-17,2,4,4,10,LH/LL,-1
2017-11-24,3,5,2,10,LH/LL,-1
2017-12-01,4,3,3,10,HH/HL,1
2017-12-08,3,4,3,10,LH/LL,-1
2017-12-15,3,4,3,10,LH/LL,-1
2017-12-22,4,6,0,10,LH/LL,-1
2017-12-29,4,4,2,10,TRANSITION,0
2018-01-05,2,4,4,10,LH/LL,-1
2018-01-12,4,5,1,10,LH/LL,-1
2018-01-19,4,4,2,10,TRANSITION,0
2018-01-26,6,4,0,10,HH/HL,1
2018-02-02,5,4,1,10,HH/HL,1
2018-02-09,4,5,1,10,LH/LL,-1
2018-02-16,4,5,1,10,LH/LL,-1
2018-02-23,3,5,2,10,LH/LL,-1
2018-03-02,3,5,2,10,LH/LL,-1
2018-03-09,1,7,2,10,LH/LL,-1
2018-03-16,1,8,1,10,LH/LL,-1
2018-03-23,1,6,3,10,LH/LL,-1
2018-03-30,2,3,5,10,LH/LL,-1
2018-04-06,5,4,1,10,HH/HL,1
2018-04-13,5,4,1,10,HH/HL,1
2018-04-20,4,3,3,10,HH/HL,1
2018-04-27,5,2,3,10,HH/HL,1
2018-05-04,3,3,4,10,TRANSITION,0
2018-05-11,3,4,3,10,LH/LL,-1
2018-05-18,3,6,1,10,LH/LL,-1
2018-05-25,3,7,0,10,LH/LL,-1
2018-06-01,2,6,2,10,LH/LL,-1
2018-06-08,2,4,4,10,LH/LL,-1
2018-06-15,2,5,3,10,LH/LL,-1
2018-06-22,4,5,1,10,LH/LL,-1
2018-06-29,4,4,2,10,TRANSITION,0
2018-07-06,5,4,1,10,HH/HL,1
2018-07-13,6,4,0,10,HH/HL,1
2018-07-20,5,4,1,10,HH/HL,1
2018-07-27,3,3,4,10,TRANSITION,0
2018-08-03,2,3,5,10,LH/LL,-1
2018-08-10,4,6,1,11,LH/LL,-1
2018-08-17,3,6,2,11,LH/LL,-1
2018-08-24,1,5,5,11,LH/LL,-1
2018-08-31,4,3,4,11,HH/HL,1
2018-09-07,4,4,3,11,TRANSITION,0
2018-09-14,4,6,1,11,LH/LL,-1
2018-09-21,3,7,1,11,LH/LL,-1
2018-09-28,2,6,3,11,LH/LL,-1
2018-10-05,3,5,3,11,LH/LL,-1
2018-10-12,4,4,3,11,TRANSITION,0
2018-10-19,3,5,3,11,LH/LL,-1
2018-10-26,4,3,4,11,HH/HL,1
2018-11-02,5,5,1,11,TRANSITION,0
2018-11-09,4,5,2,11,LH/LL,-1
2018-11-16,5,4,2,11,HH/HL,1
2018-11-23,7,3,1,11,HH/HL,1
2018-11-30,6,3,2,11,HH/HL,1
2018-12-07,6,4,1,11,HH/HL,1
2018-12-14,5,4,2,11,HH/HL,1
2018-12-21,4,4,3,11,TRANSITION,0
2018-12-28,4,4,3,11,TRANSITION,0
2019-01-04,5,4,2,11,HH/HL,1
2019-01-11,4,4,3,11,TRANSITION,0
2019-01-18,4,6,1,11,LH/LL,-1
2019-01-25,5,5,1,11,TRANSITION,0
2019-02-01,5,3,3,11,HH/HL,1
2019-02-08,5,4,2,11,HH/HL,1
2019-02-15,6,3,2,11,HH/HL,1
2019-02-22,3,3,5,11,TRANSITION,0
2019-03-01,4,6,1,11,LH/LL,-1
2019-03-08,3,5,3,11,LH/LL,-1
2019-03-15,2,6,3,11,LH/LL,-1
2019-03-22,2,6,3,11,LH/LL,-1
2019-03-29,3,4,4,11,LH/LL,-1
2019-04-05,3,3,5,11,TRANSITION,0
2019-04-12,4,3,4,11,HH/HL,1
2019-04-19,4,3,4,11,HH/HL,1
2019-04-26,3,5,3,11,LH/LL,-1
2019-05-03,5,5,1,11,TRANSITION,0
2019-05-10,6,5,0,11,HH/HL,1
2019-05-17,4,3,4,11,HH/HL,1
2019-05-24,4,5,2,11,LH/LL,-1
2019-05-31,4,5,2,11,LH/LL,-1
2019-06-07,4,6,1,11,LH/LL,-1
2019-06-14,4,5,2,11,LH/LL,-1
2019-06-21,6,4,1,11,HH/HL,1
2019-06-28,4,4,3,11,TRANSITION,0
2019-07-05,4,4,3,11,TRANSITION,0
2019-07-12,3,4,4,11,LH/LL,-1
2019-07-19,3,4,4,11,LH/LL,-1
2019-07-26,4,6,1,11,LH/LL,-1
2019-08-02,3,6,2,11,LH/LL,-1
2019-08-09,3,4,4,11,LH/LL,-1
2019-08-16,3,4,4,11,LH/LL,-1
2019-08-23,3,4,4,11,LH/LL,-1
2019-08-30,4,5,2,11,LH/LL,-1
2019-09-06,4,4,3,11,TRANSITION,0
2019-09-13,4,5,2,11,LH/LL,-1
2019-09-20,3,3,5,11,TRANSITION,0
2019-09-27,5,4,2,11,HH/HL,1
2019-10-04,2,4,5,11,LH/LL,-1
2019-10-11,2,5,4,11,LH/LL,-1
2019-10-18,5,5,1,11,TRANSITION,0
2019-10-25,4,4,3,11,TRANSITION,0
2019-11-01,4,4,3,11,TRANSITION,0
2019-11-08,4,4,3,11,TRANSITION,0
2019-11-15,4,5,2,11,LH/LL,-1
2019-11-22,4,5,2,11,LH/LL,-1
2019-11-29,4,5,2,11,LH/LL,-1
2019-12-06,2,4,5,11,LH/LL,-1
2019-12-13,3,6,2,11,LH/LL,-1
2019-12-20,3,6,2,11,LH/LL,-1
2019-12-27,2,5,4,11,LH/LL,-1
2020-01-03,4,5,2,11,LH/LL,-1
2020-01-10,4,5,2,11,LH/LL,-1
2020-01-17,2,6,3,11,LH/LL,-1
2020-01-24,3,5,3,11,LH/LL,-1
2020-01-31,3,7,1,11,LH/LL,-1
2020-02-07,4,7,0,11,LH/LL,-1
2020-02-14,3,6,2,11,LH/LL,-1
2020-02-21,4,5,2,11,LH/LL,-1
2020-02-28,4,6,1,11,LH/LL,-1
2020-03-06,4,4,3,11,TRANSITION,0
2020-03-13,5,4,2,11,HH/HL,1
2020-03-20,4,4,3,11,TRANSITION,0
2020-03-27,4,5,2,11,LH/LL,-1
2020-04-03,4,6,1,11,LH/LL,-1
2020-04-10,2,6,3,11,LH/LL,-1
2020-04-17,2,3,6,11,LH/LL,-1
2020-04-24,3,5,3,11,LH/LL,-1
2020-05-01,4,5,2,11,LH/LL,-1
2020-05-08,5,5,1,11,TRANSITION,0
2020-05-15,5,5,1,11,TRANSITION,0
2020-05-22,4,6,1,11,LH/LL,-1
2020-05-29,4,6,1,11,LH/LL,-1
2020-06-05,5,4,2,11,HH/HL,1
2020-06-12,7,3,1,11,HH/HL,1
2020-06-19,7,4,0,11,HH/HL,1
2020-06-26,5,4,2,11,HH/HL,1
2020-07-03,3,3,5,11,TRANSITION,0
2020-07-10,2,6,3,11,LH/LL,-1
2020-07-17,4,6,1,11,LH/LL,-1
2020-07-24,5,5,1,11,TRANSITION,0
2020-07-31,5,4,2,11,HH/HL,1
2020-08-07,6,3,2,11,HH/HL,1
2020-08-14,5,4,2,11,HH/HL,1
2020-08-21,3,6,2,11,LH/LL,-1
2020-08-28,3,7,1,11,LH/LL,-1
2020-09-04,4,7,0,11,LH/LL,-1
2020-09-11,4,6,1,11,LH/LL,-1
2020-09-18,3,4,4,11,LH/LL,-1
2020-09-25,4,4,3,11,TRANSITION,0
2020-10-02,7,4,0,11,HH/HL,1
2020-10-09,6,3,2,11,HH/HL,1
2020-10-16,2,3,6,11,LH/LL,-1
2020-10-23,3,3,5,11,TRANSITION,0
2020-10-30,2,5,4,11,LH/LL,-1
2020-11-06,3,6,2,11,LH/LL,-1
2020-11-13,4,4,3,11,TRANSITION,0
2020-11-20,2,4,5,11,LH/LL,-1
2020-11-27,2,5,4,11,LH/LL,-1
2020-12-04,4,5,2,11,LH/LL,-1
2020-12-11,5,6,0,11,LH/LL,-1
2020-12-18,5,6,0,11,LH/LL,-1
2020-12-25,4,4,3,11,TRANSITION,0
2021-01-01,4,5,2,11,LH/LL,-1
2021-01-08,5,5,1,11,TRANSITION,0
2021-01-15,5,5,1,11,TRANSITION,0
2021-01-22,4,6,1,11,LH/LL,-1
2021-01-29,4,5,2,11,LH/LL,-1
2021-02-05,5,4,2,11,HH/HL,1
2021-02-12,4,5,2,11,LH/LL,-1
2021-02-19,4,4,3,11,TRANSITION,0
2021-02-26,5,5,1,11,TRANSITION,0
2021-03-05,4,6,1,11,LH/LL,-1
2021-03-12,5,6,0,11,LH/LL,-1
2021-03-19,5,6,0,11,LH/LL,-1
2021-03-26,5,3,3,11,HH/HL,1
2021-04-02,6,2,3,11,HH/HL,1
2021-04-09,5,3,3,11,HH/HL,1
2021-04-16,7,4,0,11,HH/HL,1
2021-04-23,4,5,2,11,LH/LL,-1
2021-04-30,2,5,4,11,LH/LL,-1
2021-05-07,4,3,4,11,HH/HL,1
2021-05-14,6,4,1,11,HH/HL,1
2021-05-21,7,3,1,11,HH/HL,1
2021-05-28,8,3,0,11,HH/HL,1
2021-06-04,7,3,1,11,HH/HL,1
2021-06-11,5,2,4,11,HH/HL,1
2021-06-18,4,6,1,11,LH/LL,-1
2021-06-25,4,6,1,11,LH/LL,-1
2021-07-02,4,5,2,11,LH/LL,-1
2021-07-09,3,6,2,11,LH/LL,-1
2021-07-16,4,6,1,11,LH/LL,-1
2021-07-23,3,6,2,11,LH/LL,-1
2021-07-30,4,5,2,11,LH/LL,-1
2021-08-06,4,6,1,11,LH/LL,-1
2021-08-13,3,5,3,11,LH/LL,-1
2021-08-20,5,5,1,11,TRANSITION,0
2021-08-27,5,6,0,11,LH/LL,-1
2021-09-03,4,5,2,11,LH/LL,-1
2021-09-10,4,3,4,11,HH/HL,1
2021-09-17,4,5,2,11,LH/LL,-1
2021-09-24,3,5,3,11,LH/LL,-1
2021-10-01,4,5,2,11,LH/LL,-1
2021-10-08,3,6,2,11,LH/LL,-1
2021-10-15,3,6,2,11,LH/LL,-1
2021-10-22,5,5,1,11,TRANSITION,0
2021-10-29,5,6,0,11,LH/LL,-1
2021-11-05,5,4,2,11,HH/HL,1
2021-11-12,4,3,4,11,HH/HL,1
2021-11-19,3,7,1,11,LH/LL,-1
2021-11-26,3,7,1,11,LH/LL,-1
2021-12-03,2,5,4,11,LH/LL,-1
2021-12-10,2,4,5,11,LH/LL,-1
2021-12-17,5,4,2,11,HH/HL,1
2021-12-24,5,4,2,11,HH/HL,1
2021-12-31,5,5,1,11,TRANSITION,0
2022-01-07,6,2,3,11,HH/HL,1
2022-01-14,4,2,5,11,HH/HL,1
2022-01-21,5,2,4,11,HH/HL,1
2022-01-28,6,3,2,11,HH/HL,1
2022-02-04,5,4,2,11,HH/HL,1
2022-02-11,5,4,2,11,HH/HL,1
2022-02-18,3,4,4,11,LH/LL,-1
2022-02-25,4,5,2,11,LH/LL,-1
2022-03-04,6,3,2,11,HH/HL,1
2022-03-11,5,3,3,11,HH/HL,1
2022-03-18,6,4,1,11,HH/HL,1
2022-03-25,6,4,1,11,HH/HL,1
2022-04-01,6,5,0,11,HH/HL,1
2022-04-08,4,4,3,11,TRANSITION,0
2022-04-15,5,4,2,11,HH/HL,1
2022-04-22,7,3,1,11,HH/HL,1
2022-04-29,6,4,1,11,HH/HL,1
2022-05-06,6,3,2,11,HH/HL,1
2022-05-13,7,2,2,11,HH/HL,1
2022-05-20,6,4,1,11,HH/HL,1
2022-05-27,6,2,3,11,HH/HL,1
2022-06-03,5,2,4,11,HH/HL,1
2022-06-10,5,3,3,11,HH/HL,1
2022-06-17,1,4,6,11,LH/LL,-1
2022-06-24,0,5,6,11,LH/LL,-1
2022-07-01,2,3,6,11,LH/LL,-1
2022-07-08,4,5,2,11,LH/LL,-1
2022-07-15,4,5,2,11,LH/LL,-1
2022-07-22,3,5,3,11,LH/LL,-1
2022-07-29,2,8,1,11,LH/LL,-1
2022-08-05,2,9,0,11,LH/LL,-1
2022-08-12,3,8,0,11,LH/LL,-1
2022-08-19,3,7,1,11,LH/LL,-1
2022-08-26,4,4,3,11,TRANSITION,0
2022-09-02,6,5,0,11,HH/HL,1
2022-09-09,6,3,2,11,HH/HL,1
2022-09-16,6,3,2,11,HH/HL,1
2022-09-23,5,5,1,11,TRANSITION,0
2022-09-30,5,5,1,11,TRANSITION,0
2022-10-07,4,5,2,11,LH/LL,-1
2022-10-14,4,5,2,11,LH/LL,-1
2022-10-21,6,4,1,11,HH/HL,1
2022-10-28,6,5,0,11,HH/HL,1
2022-11-04,6,5,0,11,HH/HL,1
2022-11-11,6,5,0,11,HH/HL,1
2022-11-18,5,2,4,11,HH/HL,1
2022-11-25,7,2,2,11,HH/HL,1
2022-12-02,3,3,5,11,TRANSITION,0
2022-12-09,5,2,4,11,HH/HL,1
2022-12-16,7,3,1,11,HH/HL,1
2022-12-23,6,3,2,11,HH/HL,1
2022-12-30,6,5,0,11,HH/HL,1
2023-01-06,6,2,3,11,HH/HL,1
2023-01-13,5,2,4,11,HH/HL,1
2023-01-20,4,4,3,11,TRANSITION,0
2023-01-27,5,3,3,11,HH/HL,1
2023-02-03,4,5,2,11,LH/LL,-1
2023-02-10,4,6,1,11,LH/LL,-1
2023-02-17,4,7,0,11,LH/LL,-1
2023-02-24,3,7,1,11,LH/LL,-1
2023-03-03,2,5,4,11,LH/LL,-1
2023-03-10,4,4,3,11,TRANSITION,0
2023-03-17,2,5,4,11,LH/LL,-1
2023-03-24,3,5,3,11,LH/LL,-1
2023-03-31,4,6,1,11,LH/LL,-1
2023-04-07,4,6,1,11,LH/LL,-1
2023-04-14,4,3,4,11,HH/HL,1
2023-04-21,4,3,4,11,HH/HL,1
2023-04-28,3,4,4,11,LH/LL,-1
2023-05-05,1,3,7,11,LH/LL,-1
2023-05-12,1,3,7,11,LH/LL,-1
2023-05-19,2,7,2,11,LH/LL,-1
2023-05-26,3,7,1,11,LH/LL,-1
2023-06-02,3,7,1,11,LH/LL,-1
2023-06-09,3,8,0,11,LH/LL,-1
2023-06-16,3,8,0,11,LH/LL,-1
2023-06-23,2,6,3,11,LH/LL,-1
2023-06-30,3,6,2,11,LH/LL,-1
2023-07-07,3,5,3,11,LH/LL,-1
2023-07-14,3,4,4,11,LH/LL,-1
2023-07-21,5,3,3,11,HH/HL,1
2023-07-28,4,3,4,11,HH/HL,1
2023-08-04,6,4,1,11,HH/HL,1
2023-08-11,4,2,5,11,HH/HL,1
2023-08-18,5,4,2,11,HH/HL,1
2023-08-25,5,4,2,11,HH/HL,1
2023-09-01,5,5,1,11,TRANSITION,0
2023-09-08,3,7,1,11,LH/LL,-1
2023-09-15,3,6,2,11,LH/LL,-1
2023-09-22,4,6,1,11,LH/LL,-1
2023-09-29,3,3,5,11,TRANSITION,0
2023-10-06,5,4,2,11,HH/HL,1
2023-10-13,3,5,3,11,LH/LL,-1
2023-10-20,3,7,1,11,LH/LL,-1
2023-10-27,3,7,1,11,LH/LL,-1
2023-11-03,2,6,3,11,LH/LL,-1
2023-11-10,2,4,5,11,LH/LL,-1
2023-11-17,4,4,3,11,TRANSITION,0
2023-11-24,3,5,3,11,LH/LL,-1
2023-12-01,4,6,1,11,LH/LL,-1
2023-12-08,4,4,3,11,TRANSITION,0
2023-12-15,4,3,4,11,HH/HL,1
2023-12-22,5,4,2,11,HH/HL,1
2023-12-29,4,5,2,11,LH/LL,-1
2024-01-05,4,3,4,11,HH/HL,1
2024-01-12,3,5,3,11,LH/LL,-1
2024-01-19,3,5,3,11,LH/LL,-1
2024-01-26,3,4,4,11,LH/LL,-1
2024-02-02,2,8,1,11,LH/LL,-1
2024-02-09,2,8,1,11,LH/LL,-1
2024-02-16,1,8,2,11,LH/LL,-1
2024-02-23,1,5,5,11,LH/LL,-1
2024-03-01,1,5,5,11,LH/LL,-1
2024-03-08,3,3,5,11,TRANSITION,0
2024-03-15,4,5,2,11,LH/LL,-1
2024-03-22,5,4,2,11,HH/HL,1
2024-03-29,6,4,1,11,HH/HL,1
2024-04-05,5,4,2,11,HH/HL,1
2024-04-12,5,5,1,11,TRANSITION,0
2024-04-19,5,4,2,11,HH/HL,1
2024-04-26,5,4,2,11,HH/HL,1
2024-05-03,5,4,2,11,HH/HL,1
2024-05-10,5,3,3,11,HH/HL,1
2024-05-17,1,6,4,11,LH/LL,-1
2024-05-24,2,5,4,11,LH/LL,-1
2024-05-31,2,5,4,11,LH/LL,-1
2024-06-07,2,8,1,11,LH/LL,-1
2024-06-14,1,8,2,11,LH/LL,-1
2024-06-21,1,8,2,11,LH/LL,-1
2024-06-28,1,9,1,11,LH/LL,-1
2024-07-05,1,8,2,11,LH/LL,-1
2024-07-12,1,6,4,11,LH/LL,-1
2024-07-19,1,5,5,11,LH/LL,-1
2024-07-26,3,3,5,11,TRANSITION,0
2024-08-02,8,1,2,11,HH/HL,1
2024-08-09,8,1,2,11,HH/HL,1
2024-08-16,8,2,1,11,HH/HL,1
2024-08-23,7,3,1,11,HH/HL,1
2024-08-30,3,2,6,11,HH/HL,1
2024-09-06,6,3,2,11,HH/HL,1
2024-09-13,7,2,2,11,HH/HL,1
2024-09-20,6,3,2,11,HH/HL,1
2024-09-27,7,3,1,11,HH/HL,1
2024-10-04,4,2,5,11,HH/HL,1
2024-10-11,6,3,2,11,HH/HL,1
2024-10-18,7,4,0,11,HH/HL,1
2024-10-25,4,4,3,11,TRANSITION,0
2024-11-01,4,6,1,11,LH/LL,-1
2024-11-08,3,5,3,11,LH/LL,-1
2024-11-15,3,7,1,11,LH/LL,-1
2024-11-22,4,6,1,11,LH/LL,-1
2024-11-29,5,6,0,11,LH/LL,-1
2024-12-06,3,5,3,11,LH/LL,-1
2024-12-13,3,5,3,11,LH/LL,-1
2024-12-20,3,6,2,11,LH/LL,-1
2024-12-27,3,8,0,11,LH/LL,-1
2025-01-03,3,8,0,11,LH/LL,-1
2025-01-10,1,8,2,11,LH/LL,-1
2025-01-17,1,7,3,11,LH/LL,-1
2025-01-24,4,6,1,11,LH/LL,-1
2025-01-31,5,4,2,11,HH/HL,1
2025-02-07,7,3,1,11,HH/HL,1
2025-02-14,5,3,3,11,HH/HL,1
2025-02-21,5,2,4,11,HH/HL,1
2025-02-28,7,3,1,11,HH/HL,1
2025-03-07,7,2,2,11,HH/HL,1
2025-03-14,8,2,1,11,HH/HL,1
2025-03-21,9,2,0,11,HH/HL,1
2025-03-28,9,2,0,11,HH/HL,1
2025-04-04,8,3,0,11,HH/HL,1
2025-04-11,7,3,1,11,HH/HL,1
2025-04-18,7,2,2,11,HH/HL,1
2025-04-25,5,3,3,11,HH/HL,1
2025-05-02,5,5,1,11,TRANSITION,0
2025-05-09,4,3,4,11,HH/HL,1
2025-05-16,3,7,1,11,LH/LL,-1
2025-05-23,4,7,0,11,LH/LL,-1
2025-05-30,4,7,0,11,LH/LL,-1
2025-06-06,3,7,1,11,LH/LL,-1
2025-06-13,3,7,1,11,LH/LL,-1
2025-06-20,2,7,2,11,LH/LL,-1
2025-06-27,3,8,0,11,LH/LL,-1
2025-07-04,3,7,1,11,LH/LL,-1
2025-07-11,2,8,1,11,LH/LL,-1
2025-07-18,1,8,2,11,LH/LL,-1
2025-07-25,3,8,0,11,LH/LL,-1
2025-08-01,3,7,1,11,LH/LL,-1
2025-08-08,2,8,1,11,LH/LL,-1
2025-08-15,2,6,3,11,LH/LL,-1
2025-08-22,1,7,3,11,LH/LL,-1
2025-08-29,1,8,2,11,LH/LL,-1
2025-09-05,2,5,4,11,LH/LL,-1
2025-09-12,3,4,4,11,LH/LL,-1
2025-09-19,4,4,3,11,TRANSITION,0
2025-09-26,2,5,4,11,LH/LL,-1
2025-10-03,2,6,3,11,LH/LL,-1
2025-10-10,2,7,2,11,LH/LL,-1
2025-10-17,2,7,2,11,LH/LL,-1
2025-10-24,3,8,0,11,LH/LL,-1
2025-10-31,3,8,0,11,LH/LL,-1
2025-11-07,2,6,3,11,LH/LL,-1
2025-11-14,2,9,0,11,LH/LL,-1
2025-11-21,0,8,3,11,LH/LL,-1
2025-11-28,2,4,5,11,LH/LL,-1
2025-12-05,2,6,3,11,LH/LL,-1
2025-12-12,5,3,3,11,HH/HL,1
2025-12-19,4,2,5,11,HH/HL,1
2025-12-26,5,4,2,11,HH/HL,1
2026-01-02,5,4,2,11,HH/HL,1
2026-01-09,5,4,2,11,HH/HL,1
2026-01-16,4,1,6,11,HH/HL,1
2026-01-23,5,2,4,11,HH/HL,1
2026-01-30,5,3,3,11,HH/HL,1
2026-02-06,5,3,3,11,HH/HL,1
2026-02-13,7,3,1,11,HH/HL,1
2026-02-20,7,3,1,11,HH/HL,1
2026-02-27,7,3,1,11,HH/HL,1
2026-03-06,8,3,0,11,HH/HL,1
2026-03-13,6,3,2,11,HH/HL,1
2026-03-20,5,2,4,11,HH/HL,1
2026-03-27,4,6,1,11,LH/LL,-1
2026-04-03,3,7,1,11,LH/LL,-1
2026-04-10,3,7,1,11,LH/LL,-1
2026-04-17,2,6,3,11,LH/LL,-1
