ticker,direction,run_id,start_date,end_date,duration_weeks
XLB,TRANSITION,1,2010-02-26,2010-03-05,2
XLB,HH/HL,2,2010-03-12,2010-03-12,1
XLB,TRANSITION,3,2010-03-19,2010-03-26,2
XLB,HH/HL,4,2010-04-02,2010-04-23,4
XLB,LH/LL,5,2010-04-30,2010-06-25,9
XLB,TRANSITION,6,2010-07-02,2010-07-02,1
XLB,HH/HL,7,2010-07-09,2010-10-15,15
XLB,TRANSITION,8,2010-10-22,2010-11-12,4
XLB,HH/HL,9,2010-11-19,2010-12-10,4
XLB,TRANSITION,10,2010-12-17,2010-12-17,1
XLB,HH/HL,11,2010-12-24,2011-01-14,4
XLB,TRANSITION,12,2011-01-21,2011-01-21,1
XLB,LH/LL,13,2011-01-28,2011-02-11,3
XLB,TRANSITION,14,2011-02-18,2011-02-18,1
XLB,HH/HL,15,2011-02-25,2011-02-25,1
XLB,TRANSITION,16,2011-03-04,2011-03-04,1
XLB,LH/LL,17,2011-03-11,2011-03-25,3
XLB,TRANSITION,18,2011-04-01,2011-04-01,1
XLB,HH/HL,19,2011-04-08,2011-04-29,4
XLB,LH/LL,20,2011-05-06,2011-06-10,6
XLB,TRANSITION,21,2011-06-17,2011-06-17,1
XLB,HH/HL,22,2011-06-24,2011-07-29,6
XLB,TRANSITION,23,2011-08-05,2011-08-05,1
XLB,LH/LL,24,2011-08-12,2011-09-09,5
XLB,TRANSITION,25,2011-09-16,2011-09-16,1
XLB,LH/LL,26,2011-09-23,2011-10-21,5
XLB,TRANSITION,27,2011-10-28,2011-11-04,2
XLB,HH/HL,28,2011-11-11,2011-11-18,2
XLB,TRANSITION,29,2011-11-25,2011-12-09,3
XLB,LH/LL,30,2011-12-16,2012-01-06,4
XLB,TRANSITION,31,2012-01-13,2012-01-20,2
XLB,HH/HL,32,2012-01-27,2012-02-17,4
XLB,TRANSITION,33,2012-02-24,2012-02-24,1
XLB,LH/LL,34,2012-03-02,2012-04-27,9
XLB,TRANSITION,35,2012-05-04,2012-05-11,2
XLB,LH/LL,36,2012-05-18,2012-06-08,4
XLB,TRANSITION,37,2012-06-15,2012-06-22,2
XLB,HH/HL,38,2012-06-29,2012-06-29,1
XLB,TRANSITION,39,2012-07-06,2012-07-06,1
XLB,LH/LL,40,2012-07-13,2012-07-27,3
XLB,TRANSITION,41,2012-08-03,2012-08-10,2
XLB,LH/LL,42,2012-08-17,2012-08-24,2
XLB,TRANSITION,43,2012-08-31,2012-09-07,2
XLB,HH/HL,44,2012-09-14,2012-10-05,4
XLB,TRANSITION,45,2012-10-12,2012-10-19,2
XLB,LH/LL,46,2012-10-26,2012-11-02,2
XLB,HH/HL,47,2012-11-09,2012-11-09,1
XLB,TRANSITION,48,2012-11-16,2012-11-30,3
XLB,LH/LL,49,2012-12-07,2012-12-07,1
XLB,TRANSITION,50,2012-12-14,2012-12-28,3
XLB,HH/HL,51,2013-01-04,2013-02-01,5
XLB,TRANSITION,52,2013-02-08,2013-02-08,1
XLB,LH/LL,53,2013-02-15,2013-05-10,13
XLB,TRANSITION,54,2013-05-17,2013-05-17,1
XLB,HH/HL,55,2013-05-24,2013-05-31,2
XLB,TRANSITION,56,2013-06-07,2013-06-07,1
XLB,LH/LL,57,2013-06-14,2013-07-26,7
XLB,TRANSITION,58,2013-08-02,2013-08-02,1
XLB,HH/HL,59,2013-08-09,2013-10-25,12
XLB,LH/LL,60,2013-11-01,2013-12-20,8
XLB,TRANSITION,61,2013-12-27,2013-12-27,1
XLB,HH/HL,62,2014-01-03,2014-01-17,3
XLB,TRANSITION,63,2014-01-24,2014-01-24,1
XLB,LH/LL,64,2014-01-31,2014-02-07,2
XLB,TRANSITION,65,2014-02-14,2014-02-14,1
XLB,HH/HL,66,2014-02-21,2014-04-11,8
XLB,TRANSITION,67,2014-04-18,2014-04-18,1
XLB,HH/HL,68,2014-04-25,2014-05-09,3
XLB,TRANSITION,69,2014-05-16,2014-05-23,2
XLB,HH/HL,70,2014-05-30,2014-06-13,3
XLB,TRANSITION,71,2014-06-20,2014-06-20,1
XLB,LH/LL,72,2014-06-27,2014-07-25,5
XLB,TRANSITION,73,2014-08-01,2014-08-01,1
XLB,HH/HL,74,2014-08-08,2014-08-15,2
XLB,TRANSITION,75,2014-08-22,2014-08-29,2
XLB,LH/LL,76,2014-09-05,2014-09-19,3
XLB,TRANSITION,77,2014-09-26,2014-10-17,4
XLB,LH/LL,78,2014-10-24,2015-01-02,11
XLB,TRANSITION,79,2015-01-09,2015-01-23,3
XLB,HH/HL,80,2015-01-30,2015-01-30,1
XLB,TRANSITION,81,2015-02-06,2015-02-13,2
XLB,HH/HL,82,2015-02-20,2015-03-13,4
XLB,LH/LL,83,2015-03-20,2015-04-10,4
XLB,TRANSITION,84,2015-04-17,2015-04-24,2
XLB,HH/HL,85,2015-05-01,2015-05-29,5
XLB,TRANSITION,86,2015-06-05,2015-06-12,2
XLB,LH/LL,87,2015-06-19,2015-08-14,9
XLB,TRANSITION,88,2015-08-21,2015-09-04,3
XLB,HH/HL,89,2015-09-11,2015-09-11,1
XLB,TRANSITION,90,2015-09-18,2015-09-18,1
XLB,LH/LL,91,2015-09-25,2015-10-02,2
XLB,TRANSITION,92,2015-10-09,2015-10-16,2
XLB,HH/HL,93,2015-10-23,2015-10-30,2
XLB,TRANSITION,94,2015-11-06,2015-11-20,3
XLB,LH/LL,95,2015-11-27,2015-11-27,1
XLB,HH/HL,96,2015-12-04,2015-12-04,1
XLB,TRANSITION,97,2015-12-11,2015-12-11,1
XLB,LH/LL,98,2015-12-18,2016-01-29,7
XLB,TRANSITION,99,2016-02-05,2016-02-19,3
XLB,HH/HL,100,2016-02-26,2016-04-08,7
XLB,TRANSITION,101,2016-04-15,2016-04-15,1
XLB,HH/HL,102,2016-04-22,2016-04-22,1
XLB,TRANSITION,103,2016-04-29,2016-04-29,1
XLB,HH/HL,104,2016-05-06,2016-05-20,3
XLB,TRANSITION,105,2016-05-27,2016-06-10,3
XLB,HH/HL,106,2016-06-17,2016-06-24,2
XLB,TRANSITION,107,2016-07-01,2016-07-08,2
XLB,LH/LL,108,2016-07-15,2016-07-29,3
XLB,TRANSITION,109,2016-08-05,2016-08-26,4
XLB,LH/LL,110,2016-09-02,2016-09-02,1
XLB,HH/HL,111,2016-09-09,2016-09-09,1
XLB,TRANSITION,112,2016-09-16,2016-09-23,2
XLB,LH/LL,113,2016-09-30,2016-10-28,5
XLB,TRANSITION,114,2016-11-04,2016-11-04,1
XLB,HH/HL,115,2016-11-11,2016-12-23,7
XLB,TRANSITION,116,2016-12-30,2017-01-06,2
XLB,LH/LL,117,2017-01-13,2017-01-20,2
XLB,HH/HL,118,2017-01-27,2017-02-17,4
XLB,LH/LL,119,2017-02-24,2017-03-31,6
XLB,HH/HL,120,2017-04-07,2017-04-28,4
XLB,LH/LL,121,2017-05-05,2017-06-02,5
XLB,TRANSITION,122,2017-06-09,2017-06-16,2
XLB,HH/HL,123,2017-06-23,2017-06-30,2
XLB,TRANSITION,124,2017-07-07,2017-07-07,1
XLB,HH/HL,125,2017-07-14,2017-07-28,3
XLB,TRANSITION,126,2017-08-04,2017-08-04,1
XLB,LH/LL,127,2017-08-11,2017-09-01,4
XLB,TRANSITION,128,2017-09-08,2017-09-08,1
XLB,HH/HL,129,2017-09-15,2017-11-03,8
XLB,TRANSITION,130,2017-11-10,2017-11-17,2
XLB,LH/LL,131,2017-11-24,2017-12-22,5
XLB,TRANSITION,132,2017-12-29,2018-01-05,2
XLB,HH/HL,133,2018-01-12,2018-01-26,3
XLB,LH/LL,134,2018-02-02,2018-04-06,10
XLB,TRANSITION,135,2018-04-13,2018-04-13,1
XLB,HH/HL,136,2018-04-20,2018-05-04,3
XLB,TRANSITION,137,2018-05-11,2018-05-11,1
XLB,LH/LL,138,2018-05-18,2018-06-01,3
XLB,TRANSITION,139,2018-06-08,2018-06-08,1
XLB,LH/LL,140,2018-06-15,2018-09-21,15
XLB,TRANSITION,141,2018-09-28,2018-10-12,3
XLB,LH/LL,142,2018-10-19,2018-11-09,4
XLB,TRANSITION,143,2018-11-16,2018-11-16,1
XLB,HH/HL,144,2018-11-23,2018-12-14,4
XLB,LH/LL,145,2018-12-21,2018-12-28,2
XLB,HH/HL,146,2019-01-04,2019-01-25,4
XLB,TRANSITION,147,2019-02-01,2019-02-01,1
XLB,LH/LL,148,2019-02-08,2019-03-01,4
XLB,TRANSITION,149,2019-03-08,2019-03-15,2
XLB,LH/LL,150,2019-03-22,2019-03-29,2
XLB,TRANSITION,151,2019-04-05,2019-04-12,2
XLB,HH/HL,152,2019-04-19,2019-04-19,1
XLB,TRANSITION,153,2019-04-26,2019-04-26,1
XLB,LH/LL,154,2019-05-03,2019-05-31,5
XLB,TRANSITION,155,2019-06-07,2019-06-14,2
XLB,HH/HL,156,2019-06-21,2019-07-05,3
XLB,TRANSITION,157,2019-07-12,2019-07-19,2
XLB,LH/LL,158,2019-07-26,2019-08-02,2
XLB,TRANSITION,159,2019-08-09,2019-08-30,4
XLB,LH/LL,160,2019-09-06,2019-09-27,4
XLB,TRANSITION,161,2019-10-04,2019-10-04,1
XLB,LH/LL,162,2019-10-11,2019-10-25,3
XLB,TRANSITION,163,2019-11-01,2019-11-29,5
XLB,LH/LL,164,2019-12-06,2020-04-03,18
XLB,TRANSITION,165,2020-04-10,2020-04-24,3
XLB,HH/HL,166,2020-05-01,2020-05-01,1
XLB,TRANSITION,167,2020-05-08,2020-05-29,4
XLB,HH/HL,168,2020-06-05,2020-06-26,4
XLB,TRANSITION,169,2020-07-03,2020-07-10,2
XLB,HH/HL,170,2020-07-17,2020-08-14,5
XLB,LH/LL,171,2020-08-21,2020-09-04,3
XLB,TRANSITION,172,2020-09-11,2020-09-11,1
XLB,HH/HL,173,2020-09-18,2020-10-09,4
XLB,TRANSITION,174,2020-10-16,2020-11-06,4
XLB,HH/HL,175,2020-11-13,2020-12-18,6
XLB,TRANSITION,176,2020-12-25,2021-01-01,2
XLB,HH/HL,177,2021-01-08,2021-01-22,3
XLB,TRANSITION,178,2021-01-29,2021-01-29,1
XLB,LH/LL,179,2021-02-05,2021-03-05,5
XLB,HH/HL,180,2021-03-12,2021-04-16,6
XLB,LH/LL,181,2021-04-23,2021-04-30,2
XLB,HH/HL,182,2021-05-07,2021-06-04,5
XLB,TRANSITION,183,2021-06-11,2021-06-11,1
XLB,LH/LL,184,2021-06-18,2021-08-06,8
XLB,TRANSITION,185,2021-08-13,2021-08-13,1
XLB,HH/HL,186,2021-08-20,2021-09-03,3
XLB,TRANSITION,187,2021-09-10,2021-09-10,1
XLB,LH/LL,188,2021-09-17,2021-10-15,5
XLB,HH/HL,189,2021-10-22,2021-12-03,7
XLB,TRANSITION,190,2021-12-10,2021-12-24,3
XLB,LH/LL,191,2021-12-31,2021-12-31,1
XLB,HH/HL,192,2022-01-07,2022-01-28,4
XLB,TRANSITION,193,2022-02-04,2022-02-25,4
XLB,HH/HL,194,2022-03-04,2022-06-10,15
XLB,LH/LL,195,2022-06-17,2022-08-19,10
XLB,TRANSITION,196,2022-08-26,2022-08-26,1
XLB,HH/HL,197,2022-09-02,2022-09-16,3
XLB,LH/LL,198,2022-09-23,2022-10-14,4
XLB,HH/HL,199,2022-10-21,2023-01-06,12
XLB,TRANSITION,200,2023-01-13,2023-01-20,2
XLB,HH/HL,201,2023-01-27,2023-01-27,1
XLB,TRANSITION,202,2023-02-03,2023-02-03,1
XLB,LH/LL,203,2023-02-10,2023-03-03,4
XLB,TRANSITION,204,2023-03-10,2023-03-24,3
XLB,LH/LL,205,2023-03-31,2023-04-07,2
XLB,TRANSITION,206,2023-04-14,2023-05-05,4
XLB,LH/LL,207,2023-05-12,2023-06-16,6
XLB,TRANSITION,208,2023-06-23,2023-07-07,3
XLB,HH/HL,209,2023-07-14,2023-07-21,2
XLB,TRANSITION,210,2023-07-28,2023-07-28,1
XLB,HH/HL,211,2023-08-04,2023-08-11,2
XLB,TRANSITION,212,2023-08-18,2023-08-25,2
XLB,LH/LL,213,2023-09-01,2023-12-01,14
XLB,TRANSITION,214,2023-12-08,2023-12-15,2
XLB,HH/HL,215,2023-12-22,2023-12-22,1
XLB,TRANSITION,216,2023-12-29,2024-01-05,2
XLB,LH/LL,217,2024-01-12,2024-03-01,8
XLB,HH/HL,218,2024-03-08,2024-04-26,8
XLB,TRANSITION,219,2024-05-03,2024-05-10,2
XLB,LH/LL,220,2024-05-17,2024-07-26,11
XLB,HH/HL,221,2024-08-02,2024-08-23,4
XLB,TRANSITION,222,2024-08-30,2024-08-30,1
XLB,LH/LL,223,2024-09-06,2024-09-06,1
XLB,TRANSITION,224,2024-09-13,2024-09-20,2
XLB,HH/HL,225,2024-09-27,2024-10-18,4
XLB,LH/LL,226,2024-10-25,2025-01-24,14
XLB,HH/HL,227,2025-01-31,2025-02-07,2
XLB,TRANSITION,228,2025-02-14,2025-02-21,2
XLB,HH/HL,229,2025-02-28,2025-04-18,8
XLB,TRANSITION,230,2025-04-25,2025-04-25,1
XLB,LH/LL,231,2025-05-02,2025-07-11,11
XLB,TRANSITION,232,2025-07-18,2025-07-18,1
XLB,HH/HL,233,2025-07-25,2025-07-25,1
XLB,TRANSITION,234,2025-08-01,2025-08-01,1
XLB,LH/LL,235,2025-08-08,2025-08-29,4
XLB,TRANSITION,236,2025-09-05,2025-09-19,3
XLB,LH/LL,237,2025-09-26,2025-11-21,9
XLB,TRANSITION,238,2025-11-28,2025-12-05,2
XLB,HH/HL,239,2025-12-12,2026-03-06,13
XLB,TRANSITION,240,2026-03-13,2026-03-20,2
XLB,LH/LL,241,2026-03-27,2026-04-10,3
XLB,TRANSITION,242,2026-04-17,2026-04-17,1
XLC,LH/LL,1,2018-08-10,2018-09-28,8
XLC,TRANSITION,2,2018-10-05,2018-10-19,3
XLC,HH/HL,3,2018-10-26,2018-11-02,2
XLC,TRANSITION,4,2018-11-09,2018-11-09,1
XLC,LH/LL,5,2018-11-16,2018-12-14,5
XLC,TRANSITION,6,2018-12-21,2018-12-21,1
XLC,HH/HL,7,2018-12-28,2019-02-15,8
XLC,TRANSITION,8,2019-02-22,2019-02-22,1
XLC,LH/LL,9,2019-03-01,2019-03-22,4
XLC,TRANSITION,10,2019-03-29,2019-04-05,2
XLC,HH/HL,11,2019-04-12,2019-05-17,6
XLC,TRANSITION,12,2019-05-24,2019-05-31,2
XLC,LH/LL,13,2019-06-07,2019-06-28,4
XLC,TRANSITION,14,2019-07-05,2019-07-19,3
XLC,HH/HL,15,2019-07-26,2019-08-02,2
XLC,TRANSITION,16,2019-08-09,2019-08-09,1
XLC,HH/HL,17,2019-08-16,2019-08-16,1
XLC,TRANSITION,18,2019-08-23,2019-09-06,3
XLC,LH/LL,19,2019-09-13,2019-09-13,1
XLC,TRANSITION,20,2019-09-20,2019-10-04,3
XLC,LH/LL,21,2019-10-11,2019-10-18,2
XLC,TRANSITION,22,2019-10-25,2019-10-25,1
XLC,LH/LL,23,2019-11-01,2019-11-22,4
XLC,TRANSITION,24,2019-11-29,2020-01-03,6
XLC,HH/HL,25,2020-01-10,2020-02-07,5
XLC,TRANSITION,26,2020-02-14,2020-02-21,2
XLC,HH/HL,27,2020-02-28,2020-02-28,1
XLC,TRANSITION,28,2020-03-06,2020-03-27,4
XLC,HH/HL,29,2020-04-03,2020-04-03,1
XLC,TRANSITION,30,2020-04-10,2020-04-10,1
XLC,LH/LL,31,2020-04-17,2020-04-24,2
XLC,TRANSITION,32,2020-05-01,2020-05-01,1
XLC,HH/HL,33,2020-05-08,2020-06-12,6
XLC,LH/LL,34,2020-06-19,2020-06-26,2
XLC,TRANSITION,35,2020-07-03,2020-07-10,2
XLC,HH/HL,36,2020-07-17,2020-07-31,3
XLC,TRANSITION,37,2020-08-07,2020-08-28,4
XLC,HH/HL,38,2020-09-04,2020-09-11,2
XLC,TRANSITION,39,2020-09-18,2020-09-18,1
XLC,LH/LL,40,2020-09-25,2020-10-23,5
XLC,TRANSITION,41,2020-10-30,2020-10-30,1
XLC,HH/HL,42,2020-11-06,2020-11-27,4
XLC,TRANSITION,43,2020-12-04,2020-12-04,1
XLC,HH/HL,44,2020-12-11,2021-01-01,4
XLC,LH/LL,45,2021-01-08,2021-01-29,4
XLC,TRANSITION,46,2021-02-05,2021-02-05,1
XLC,HH/HL,47,2021-02-12,2021-03-19,6
XLC,TRANSITION,48,2021-03-26,2021-04-09,3
XLC,LH/LL,49,2021-04-16,2021-04-16,1
XLC,TRANSITION,50,2021-04-23,2021-05-07,3
XLC,HH/HL,51,2021-05-14,2021-07-09,9
XLC,TRANSITION,52,2021-07-16,2021-08-13,5
XLC,LH/LL,53,2021-08-20,2021-09-03,3
XLC,TRANSITION,54,2021-09-10,2021-09-10,1
XLC,HH/HL,55,2021-09-17,2021-09-17,1
XLC,TRANSITION,56,2021-09-24,2021-10-01,2
XLC,LH/LL,57,2021-10-08,2021-12-31,13
XLC,TRANSITION,58,2022-01-07,2022-01-28,4
XLC,LH/LL,59,2022-02-04,2022-05-20,16
XLC,TRANSITION,60,2022-05-27,2022-06-03,2
XLC,HH/HL,61,2022-06-10,2022-06-10,1
XLC,TRANSITION,62,2022-06-17,2022-06-24,2
XLC,LH/LL,63,2022-07-01,2022-10-14,16
XLC,TRANSITION,64,2022-10-21,2022-10-21,1
XLC,LH/LL,65,2022-10-28,2022-11-25,5
XLC,TRANSITION,66,2022-12-02,2022-12-09,2
XLC,HH/HL,67,2022-12-16,2022-12-23,2
XLC,LH/LL,68,2022-12-30,2022-12-30,1
XLC,TRANSITION,69,2023-01-06,2023-01-13,2
XLC,HH/HL,70,2023-01-20,2023-02-24,6
XLC,TRANSITION,71,2023-03-03,2023-03-10,2
XLC,LH/LL,72,2023-03-17,2023-03-17,1
XLC,HH/HL,73,2023-03-24,2023-04-28,6
XLC,LH/LL,74,2023-05-05,2023-05-05,1
XLC,TRANSITION,75,2023-05-12,2023-05-12,1
XLC,HH/HL,76,2023-05-19,2023-06-16,5
XLC,TRANSITION,77,2023-06-23,2023-08-11,8
XLC,HH/HL,78,2023-08-18,2023-09-01,3
XLC,TRANSITION,79,2023-09-08,2023-09-15,2
XLC,HH/HL,80,2023-09-22,2023-11-10,8
XLC,TRANSITION,81,2023-11-17,2023-11-24,2
XLC,LH/LL,82,2023-12-01,2023-12-08,2
XLC,TRANSITION,83,2023-12-15,2023-12-15,1
XLC,LH/LL,84,2023-12-22,2024-01-05,3
XLC,TRANSITION,85,2024-01-12,2024-01-12,1
XLC,HH/HL,86,2024-01-19,2024-02-23,6
XLC,TRANSITION,87,2024-03-01,2024-03-08,2
XLC,LH/LL,88,2024-03-15,2024-03-29,3
XLC,TRANSITION,89,2024-04-05,2024-04-05,1
XLC,HH/HL,90,2024-04-12,2024-05-10,5
XLC,LH/LL,91,2024-05-17,2024-06-07,4
XLC,TRANSITION,92,2024-06-14,2024-08-16,10
XLC,HH/HL,93,2024-08-23,2024-08-30,2
XLC,TRANSITION,94,2024-09-06,2024-09-13,2
XLC,LH/LL,95,2024-09-20,2024-09-27,2
XLC,TRANSITION,96,2024-10-04,2024-10-04,1
XLC,HH/HL,97,2024-10-11,2025-01-03,13
XLC,TRANSITION,98,2025-01-10,2025-01-10,1
XLC,LH/LL,99,2025-01-17,2025-01-24,2
XLC,TRANSITION,100,2025-01-31,2025-02-07,2
XLC,HH/HL,101,2025-02-14,2025-03-28,7
XLC,LH/LL,102,2025-04-04,2025-05-02,5
XLC,TRANSITION,103,2025-05-09,2025-05-16,2
XLC,HH/HL,104,2025-05-23,2025-05-30,2
XLC,TRANSITION,105,2025-06-06,2025-06-06,1
XLC,HH/HL,106,2025-06-13,2025-07-04,4
XLC,TRANSITION,107,2025-07-11,2025-07-18,2
XLC,LH/LL,108,2025-07-25,2025-08-15,4
XLC,TRANSITION,109,2025-08-22,2025-08-29,2
XLC,HH/HL,110,2025-09-05,2025-10-10,6
XLC,TRANSITION,111,2025-10-17,2025-10-17,1
XLC,LH/LL,112,2025-10-24,2025-12-05,7
XLC,HH/HL,113,2025-12-12,2026-01-09,5
XLC,TRANSITION,114,2026-01-16,2026-02-06,4
XLC,HH/HL,115,2026-02-13,2026-02-20,2
XLC,TRANSITION,116,2026-02-27,2026-02-27,1
XLC,HH/HL,117,2026-03-06,2026-03-27,4
XLC,TRANSITION,118,2026-04-03,2026-04-03,1
XLC,LH/LL,119,2026-04-10,2026-04-17,2
XLE,LH/LL,1,2010-02-26,2010-03-05,2
XLE,TRANSITION,2,2010-03-12,2010-03-12,1
XLE,LH/LL,3,2010-03-19,2010-04-16,5
XLE,HH/HL,4,2010-04-23,2010-05-14,4
XLE,LH/LL,5,2010-05-21,2010-06-18,5
XLE,TRANSITION,6,2010-06-25,2010-06-25,1
XLE,HH/HL,7,2010-07-02,2010-07-09,2
XLE,TRANSITION,8,2010-07-16,2010-08-06,4
XLE,HH/HL,9,2010-08-13,2010-08-27,3
XLE,TRANSITION,10,2010-09-03,2010-09-03,1
XLE,LH/LL,11,2010-09-10,2010-09-24,3
XLE,TRANSITION,12,2010-10-01,2010-10-08,2
XLE,HH/HL,13,2010-10-15,2011-04-22,28
XLE,TRANSITION,14,2011-04-29,2011-04-29,1
XLE,LH/LL,15,2011-05-06,2011-06-03,5
XLE,TRANSITION,16,2011-06-10,2011-06-17,2
XLE,HH/HL,17,2011-06-24,2011-06-24,1
XLE,TRANSITION,18,2011-07-01,2011-07-15,3
XLE,HH/HL,19,2011-07-22,2011-08-12,4
XLE,LH/LL,20,2011-08-19,2011-10-14,9
XLE,TRANSITION,21,2011-10-21,2011-10-21,1
XLE,HH/HL,22,2011-10-28,2011-12-02,6
XLE,LH/LL,23,2011-12-09,2012-02-03,9
XLE,TRANSITION,24,2012-02-10,2012-02-17,2
XLE,HH/HL,25,2012-02-24,2012-03-02,2
XLE,TRANSITION,26,2012-03-09,2012-03-16,2
XLE,LH/LL,27,2012-03-23,2012-07-13,17
XLE,HH/HL,28,2012-07-20,2012-08-31,7
XLE,TRANSITION,29,2012-09-07,2012-09-07,1
XLE,HH/HL,30,2012-09-14,2012-09-28,3
XLE,TRANSITION,31,2012-10-05,2012-10-05,1
XLE,LH/LL,32,2012-10-12,2012-11-02,4
XLE,TRANSITION,33,2012-11-09,2012-11-09,1
XLE,LH/LL,34,2012-11-16,2013-01-11,9
XLE,TRANSITION,35,2013-01-18,2013-01-18,1
XLE,HH/HL,36,2013-01-25,2013-03-01,6
XLE,LH/LL,37,2013-03-08,2013-05-10,10
XLE,TRANSITION,38,2013-05-17,2013-05-24,2
XLE,HH/HL,39,2013-05-31,2013-06-14,3
XLE,LH/LL,40,2013-06-21,2013-07-12,4
XLE,TRANSITION,41,2013-07-19,2013-07-19,1
XLE,HH/HL,42,2013-07-26,2013-07-26,1
XLE,TRANSITION,43,2013-08-02,2013-08-09,2
XLE,LH/LL,44,2013-08-16,2013-08-23,2
XLE,HH/HL,45,2013-08-30,2013-09-27,5
XLE,TRANSITION,46,2013-10-04,2013-10-18,3
XLE,LH/LL,47,2013-10-25,2013-10-25,1
XLE,TRANSITION,48,2013-11-01,2013-11-08,2
XLE,LH/LL,49,2013-11-15,2014-01-10,9
XLE,TRANSITION,50,2014-01-17,2014-01-17,1
XLE,LH/LL,51,2014-01-24,2014-03-07,7
XLE,TRANSITION,52,2014-03-14,2014-03-14,1
XLE,HH/HL,53,2014-03-21,2014-05-16,9
XLE,TRANSITION,54,2014-05-23,2014-05-30,2
XLE,LH/LL,55,2014-06-06,2014-06-06,1
XLE,TRANSITION,56,2014-06-13,2014-06-13,1
XLE,HH/HL,57,2014-06-20,2014-07-11,4
XLE,TRANSITION,58,2014-07-18,2014-07-25,2
XLE,LH/LL,59,2014-08-01,2015-01-02,23
XLE,TRANSITION,60,2015-01-09,2015-01-30,4
XLE,LH/LL,61,2015-02-06,2015-02-06,1
XLE,HH/HL,62,2015-02-13,2015-02-27,3
XLE,TRANSITION,63,2015-03-06,2015-03-06,1
XLE,LH/LL,64,2015-03-13,2015-04-03,4
XLE,HH/HL,65,2015-04-10,2015-05-08,5
XLE,TRANSITION,66,2015-05-15,2015-05-22,2
XLE,LH/LL,67,2015-05-29,2015-09-11,16
XLE,HH/HL,68,2015-09-18,2015-09-25,2
XLE,TRANSITION,69,2015-10-02,2015-10-02,1
XLE,HH/HL,70,2015-10-09,2015-10-30,4
XLE,TRANSITION,71,2015-11-06,2015-11-13,2
XLE,LH/LL,72,2015-11-20,2016-01-22,10
XLE,TRANSITION,73,2016-01-29,2016-02-05,2
XLE,HH/HL,74,2016-02-12,2016-02-19,2
XLE,TRANSITION,75,2016-02-26,2016-02-26,1
XLE,HH/HL,76,2016-03-04,2016-03-11,2
XLE,TRANSITION,77,2016-03-18,2016-03-18,1
XLE,HH/HL,78,2016-03-25,2016-04-08,3
XLE,TRANSITION,79,2016-04-15,2016-04-22,2
XLE,HH/HL,80,2016-04-29,2016-05-20,4
XLE,TRANSITION,81,2016-05-27,2016-06-03,2
XLE,LH/LL,82,2016-06-10,2016-06-17,2
XLE,TRANSITION,83,2016-06-24,2016-06-24,1
XLE,HH/HL,84,2016-07-01,2016-07-15,3
XLE,LH/LL,85,2016-07-22,2016-08-19,5
XLE,TRANSITION,86,2016-08-26,2016-08-26,1
XLE,HH/HL,87,2016-09-02,2016-09-23,4
XLE,TRANSITION,88,2016-09-30,2016-10-14,3
XLE,HH/HL,89,2016-10-21,2016-10-28,2
XLE,TRANSITION,90,2016-11-04,2016-11-11,2
XLE,LH/LL,91,2016-11-18,2016-11-25,2
XLE,TRANSITION,92,2016-12-02,2016-12-02,1
XLE,HH/HL,93,2016-12-09,2016-12-23,3
XLE,TRANSITION,94,2016-12-30,2017-01-06,2
XLE,LH/LL,95,2017-01-13,2017-04-21,15
XLE,TRANSITION,96,2017-04-28,2017-04-28,1
XLE,LH/LL,97,2017-05-05,2017-08-04,14
XLE,TRANSITION,98,2017-08-11,2017-08-18,2
XLE,LH/LL,99,2017-08-25,2017-09-15,4
XLE,TRANSITION,100,2017-09-22,2017-09-22,1
XLE,HH/HL,101,2017-09-29,2017-10-20,4
XLE,TRANSITION,102,2017-10-27,2017-10-27,1
XLE,LH/LL,103,2017-11-03,2017-11-17,3
XLE,TRANSITION,104,2017-11-24,2017-12-01,2
XLE,LH/LL,105,2017-12-08,2017-12-22,3
XLE,TRANSITION,106,2017-12-29,2018-01-05,2
XLE,HH/HL,107,2018-01-12,2018-02-02,4
XLE,LH/LL,108,2018-02-09,2018-03-23,7
XLE,TRANSITION,109,2018-03-30,2018-03-30,1
XLE,HH/HL,110,2018-04-06,2018-06-01,9
XLE,TRANSITION,111,2018-06-08,2018-06-08,1
XLE,LH/LL,112,2018-06-15,2018-07-06,4
XLE,HH/HL,113,2018-07-13,2018-07-20,2
XLE,TRANSITION,114,2018-07-27,2018-07-27,1
XLE,LH/LL,115,2018-08-03,2018-09-28,9
XLE,HH/HL,116,2018-10-05,2018-10-19,3
XLE,TRANSITION,117,2018-10-26,2018-10-26,1
XLE,LH/LL,118,2018-11-02,2019-01-18,12
XLE,TRANSITION,119,2019-01-25,2019-01-25,1
XLE,HH/HL,120,2019-02-01,2019-02-15,3
XLE,TRANSITION,121,2019-02-22,2019-02-22,1
XLE,LH/LL,122,2019-03-01,2019-03-01,1
XLE,TRANSITION,123,2019-03-08,2019-04-12,6
XLE,LH/LL,124,2019-04-19,2019-07-05,12
XLE,HH/HL,125,2019-07-12,2019-07-19,2
XLE,LH/LL,126,2019-07-26,2019-09-13,8
XLE,TRANSITION,127,2019-09-20,2019-09-20,1
XLE,HH/HL,128,2019-09-27,2019-09-27,1
XLE,TRANSITION,129,2019-10-04,2019-10-11,2
XLE,LH/LL,130,2019-10-18,2019-11-08,4
XLE,TRANSITION,131,2019-11-15,2019-11-22,2
XLE,LH/LL,132,2019-11-29,2019-12-20,4
XLE,TRANSITION,133,2019-12-27,2019-12-27,1
XLE,HH/HL,134,2020-01-03,2020-01-10,2
XLE,TRANSITION,135,2020-01-17,2020-01-24,2
XLE,LH/LL,136,2020-01-31,2020-04-10,11
XLE,TRANSITION,137,2020-04-17,2020-04-24,2
XLE,HH/HL,138,2020-05-01,2020-06-19,8
XLE,TRANSITION,139,2020-06-26,2020-06-26,1
XLE,LH/LL,140,2020-07-03,2020-11-06,19
XLE,TRANSITION,141,2020-11-13,2020-11-27,3
XLE,HH/HL,142,2020-12-04,2021-01-01,5
XLE,TRANSITION,143,2021-01-08,2021-01-22,3
XLE,HH/HL,144,2021-01-29,2021-02-05,2
XLE,TRANSITION,145,2021-02-12,2021-02-12,1
XLE,HH/HL,146,2021-02-19,2021-03-26,6
XLE,TRANSITION,147,2021-04-02,2021-04-02,1
XLE,LH/LL,148,2021-04-09,2021-05-07,5
XLE,TRANSITION,149,2021-05-14,2021-05-14,1
XLE,HH/HL,150,2021-05-21,2021-06-25,6
XLE,TRANSITION,151,2021-07-02,2021-07-02,1
XLE,LH/LL,152,2021-07-09,2021-09-10,10
XLE,TRANSITION,153,2021-09-17,2021-09-17,1
XLE,HH/HL,154,2021-09-24,2021-10-29,6
XLE,TRANSITION,155,2021-11-05,2021-11-12,2
XLE,LH/LL,156,2021-11-19,2021-12-10,4
XLE,TRANSITION,157,2021-12-17,2021-12-31,3
XLE,HH/HL,158,2022-01-07,2022-01-07,1
XLE,TRANSITION,159,2022-01-14,2022-01-14,1
XLE,HH/HL,160,2022-01-21,2022-04-01,11
XLE,TRANSITION,161,2022-04-08,2022-04-08,1
XLE,HH/HL,162,2022-04-15,2022-06-17,10
XLE,TRANSITION,163,2022-06-24,2022-07-01,2
XLE,LH/LL,164,2022-07-08,2022-08-19,7
XLE,TRANSITION,165,2022-08-26,2022-08-26,1
XLE,HH/HL,166,2022-09-02,2022-09-16,3
XLE,TRANSITION,167,2022-09-23,2022-09-30,2
XLE,HH/HL,168,2022-10-07,2022-10-07,1
XLE,TRANSITION,169,2022-10-14,2022-10-14,1
XLE,HH/HL,170,2022-10-21,2022-11-25,6
XLE,LH/LL,171,2022-12-02,2022-12-30,5
XLE,TRANSITION,172,2023-01-06,2023-01-06,1
XLE,HH/HL,173,2023-01-13,2023-01-20,2
XLE,TRANSITION,174,2023-01-27,2023-01-27,1
XLE,LH/LL,175,2023-02-03,2023-04-07,10
XLE,TRANSITION,176,2023-04-14,2023-05-05,4
XLE,LH/LL,177,2023-05-12,2023-07-14,10
XLE,TRANSITION,178,2023-07-21,2023-07-28,2
XLE,HH/HL,179,2023-08-04,2023-10-13,11
XLE,TRANSITION,180,2023-10-20,2023-11-10,4
XLE,LH/LL,181,2023-11-17,2024-01-19,10
XLE,TRANSITION,182,2024-01-26,2024-01-26,1
XLE,LH/LL,183,2024-02-02,2024-02-09,2
XLE,TRANSITION,184,2024-02-16,2024-03-08,4
XLE,HH/HL,185,2024-03-15,2024-05-10,9
XLE,LH/LL,186,2024-05-17,2024-07-05,8
XLE,TRANSITION,187,2024-07-12,2024-07-19,2
XLE,HH/HL,188,2024-07-26,2024-08-16,4
XLE,LH/LL,189,2024-08-23,2024-09-27,6
XLE,TRANSITION,190,2024-10-04,2024-10-04,1
XLE,HH/HL,191,2024-10-11,2024-10-25,3
XLE,TRANSITION,192,2024-11-01,2024-11-22,4
XLE,HH/HL,193,2024-11-29,2024-11-29,1
XLE,TRANSITION,194,2024-12-06,2024-12-13,2
XLE,LH/LL,195,2024-12-20,2025-01-10,4
XLE,TRANSITION,196,2025-01-17,2025-01-17,1
XLE,HH/HL,197,2025-01-24,2025-02-07,3
XLE,TRANSITION,198,2025-02-14,2025-02-14,1
XLE,LH/LL,199,2025-02-21,2025-02-21,1
XLE,TRANSITION,200,2025-02-28,2025-03-07,2
XLE,HH/HL,201,2025-03-14,2025-04-04,4
XLE,TRANSITION,202,2025-04-11,2025-04-18,2
XLE,LH/LL,203,2025-04-25,2025-06-13,8
XLE,TRANSITION,204,2025-06-20,2025-06-20,1
XLE,HH/HL,205,2025-06-27,2025-07-11,3
XLE,LH/LL,206,2025-07-18,2025-08-29,7
XLE,TRANSITION,207,2025-09-05,2025-09-05,1
XLE,HH/HL,208,2025-09-12,2025-09-19,2
XLE,TRANSITION,209,2025-09-26,2025-10-03,2
XLE,LH/LL,210,2025-10-10,2025-11-14,6
XLE,TRANSITION,211,2025-11-21,2025-11-21,1
XLE,HH/HL,212,2025-11-28,2025-12-05,2
XLE,TRANSITION,213,2025-12-12,2025-12-19,2
XLE,LH/LL,214,2025-12-26,2026-01-09,3
XLE,TRANSITION,215,2026-01-16,2026-01-16,1
XLE,HH/HL,216,2026-01-23,2026-04-10,12
XLE,TRANSITION,217,2026-04-17,2026-04-17,1
XLF,LH/LL,1,2010-02-26,2010-02-26,1
XLF,TRANSITION,2,2010-03-05,2010-03-05,1
XLF,HH/HL,3,2010-03-12,2010-04-30,8
XLF,TRANSITION,4,2010-05-07,2010-05-07,1
XLF,LH/LL,5,2010-05-14,2010-06-25,7
XLF,TRANSITION,6,2010-07-02,2010-07-16,3
XLF,LH/LL,7,2010-07-23,2010-11-05,16
XLF,TRANSITION,8,2010-11-12,2010-11-12,1
XLF,HH/HL,9,2010-11-19,2010-11-19,1
XLF,TRANSITION,10,2010-11-26,2010-11-26,1
XLF,LH/LL,11,2010-12-03,2010-12-17,3
XLF,TRANSITION,12,2010-12-24,2010-12-24,1
XLF,HH/HL,13,2010-12-31,2011-02-04,6
XLF,TRANSITION,14,2011-02-11,2011-02-11,1
XLF,LH/LL,15,2011-02-18,2011-10-21,36
XLF,TRANSITION,16,2011-10-28,2011-10-28,1
XLF,HH/HL,17,2011-11-04,2011-11-18,3
XLF,LH/LL,18,2011-11-25,2011-12-16,4
XLF,TRANSITION,19,2011-12-23,2011-12-30,2
XLF,HH/HL,20,2012-01-06,2012-02-24,8
XLF,LH/LL,21,2012-03-02,2012-03-09,2
XLF,TRANSITION,22,2012-03-16,2012-03-16,1
XLF,HH/HL,23,2012-03-23,2012-04-13,4
XLF,TRANSITION,24,2012-04-20,2012-04-27,2
XLF,LH/LL,25,2012-05-04,2012-06-22,8
XLF,TRANSITION,26,2012-06-29,2012-06-29,1
XLF,HH/HL,27,2012-07-06,2012-07-20,3
XLF,TRANSITION,28,2012-07-27,2012-08-03,2
XLF,LH/LL,29,2012-08-10,2012-08-10,1
XLF,TRANSITION,30,2012-08-17,2012-08-31,3
XLF,HH/HL,31,2012-09-07,2012-10-05,5
XLF,TRANSITION,32,2012-10-12,2012-10-12,1
XLF,HH/HL,33,2012-10-19,2012-11-23,6
XLF,TRANSITION,34,2012-11-30,2012-11-30,1
XLF,LH/LL,35,2012-12-07,2012-12-14,2
XLF,TRANSITION,36,2012-12-21,2012-12-21,1
XLF,HH/HL,37,2012-12-28,2013-01-25,5
XLF,TRANSITION,38,2013-02-01,2013-02-08,2
XLF,HH/HL,39,2013-02-15,2013-04-05,8
XLF,TRANSITION,40,2013-04-12,2013-04-19,2
XLF,LH/LL,41,2013-04-26,2013-04-26,1
XLF,TRANSITION,42,2013-05-03,2013-05-03,1
XLF,HH/HL,43,2013-05-10,2013-06-21,7
XLF,TRANSITION,44,2013-06-28,2013-06-28,1
XLF,HH/HL,45,2013-07-05,2013-08-09,6
XLF,LH/LL,46,2013-08-16,2013-10-11,9
XLF,TRANSITION,47,2013-10-18,2013-11-08,4
XLF,LH/LL,48,2013-11-15,2013-11-22,2
XLF,TRANSITION,49,2013-11-29,2013-12-06,2
XLF,HH/HL,50,2013-12-13,2014-01-17,6
XLF,TRANSITION,51,2014-01-24,2014-01-24,1
XLF,LH/LL,52,2014-01-31,2014-03-07,6
XLF,TRANSITION,53,2014-03-14,2014-03-21,2
XLF,HH/HL,54,2014-03-28,2014-04-11,3
XLF,TRANSITION,55,2014-04-18,2014-04-18,1
XLF,LH/LL,56,2014-04-25,2014-06-06,7
XLF,TRANSITION,57,2014-06-13,2014-06-20,2
XLF,HH/HL,58,2014-06-27,2014-06-27,1
XLF,TRANSITION,59,2014-07-04,2014-07-04,1
XLF,LH/LL,60,2014-07-11,2014-08-01,4
XLF,TRANSITION,61,2014-08-08,2014-08-08,1
XLF,LH/LL,62,2014-08-15,2014-08-22,2
XLF,TRANSITION,63,2014-08-29,2014-09-05,2
XLF,HH/HL,64,2014-09-12,2014-10-31,8
XLF,TRANSITION,65,2014-11-07,2014-12-12,6
XLF,HH/HL,66,2014-12-19,2015-01-09,4
XLF,TRANSITION,67,2015-01-16,2015-01-23,2
XLF,LH/LL,68,2015-01-30,2015-02-20,4
XLF,TRANSITION,69,2015-02-27,2015-03-06,2
XLF,HH/HL,70,2015-03-13,2015-04-03,4
XLF,LH/LL,71,2015-04-10,2015-05-15,6
XLF,TRANSITION,72,2015-05-22,2015-05-22,1
XLF,HH/HL,73,2015-05-29,2015-07-03,6
XLF,TRANSITION,74,2015-07-10,2015-07-10,1
XLF,HH/HL,75,2015-07-17,2015-08-21,6
XLF,TRANSITION,76,2015-08-28,2015-08-28,1
XLF,LH/LL,77,2015-09-04,2015-10-30,9
XLF,TRANSITION,78,2015-11-06,2015-11-13,2
XLF,HH/HL,79,2015-11-20,2015-12-18,5
XLF,TRANSITION,80,2015-12-25,2015-12-25,1
XLF,LH/LL,81,2016-01-01,2016-03-11,11
XLF,TRANSITION,82,2016-03-18,2016-04-01,3
XLF,LH/LL,83,2016-04-08,2016-04-15,2
XLF,TRANSITION,84,2016-04-22,2016-04-29,2
XLF,HH/HL,85,2016-05-06,2016-06-03,5
XLF,TRANSITION,86,2016-06-10,2016-06-17,2
XLF,LH/LL,87,2016-06-24,2016-07-29,6
XLF,HH/HL,88,2016-08-05,2016-09-30,9
XLF,LH/LL,89,2016-10-07,2016-10-14,2
XLF,TRANSITION,90,2016-10-21,2016-10-21,1
XLF,HH/HL,91,2016-10-28,2016-12-30,10
XLF,TRANSITION,92,2017-01-06,2017-01-13,2
XLF,LH/LL,93,2017-01-20,2017-02-10,4
XLF,HH/HL,94,2017-02-17,2017-03-17,5
XLF,TRANSITION,95,2017-03-24,2017-03-24,1
XLF,LH/LL,96,2017-03-31,2017-05-05,6
XLF,TRANSITION,97,2017-05-12,2017-05-12,1
XLF,LH/LL,98,2017-05-19,2017-06-02,3
XLF,TRANSITION,99,2017-06-09,2017-06-23,3
XLF,HH/HL,100,2017-06-30,2017-07-28,5
XLF,TRANSITION,101,2017-08-04,2017-08-25,4
XLF,LH/LL,102,2017-09-01,2017-09-22,4
XLF,TRANSITION,103,2017-09-29,2017-09-29,1
XLF,HH/HL,104,2017-10-06,2017-11-03,5
XLF,TRANSITION,105,2017-11-10,2017-11-17,2
XLF,LH/LL,106,2017-11-24,2017-11-24,1
XLF,TRANSITION,107,2017-12-01,2017-12-15,3
XLF,HH/HL,108,2017-12-22,2017-12-29,2
XLF,TRANSITION,109,2018-01-05,2018-01-12,2
XLF,LH/LL,110,2018-01-19,2018-01-26,2
XLF,HH/HL,111,2018-02-02,2018-02-23,4
XLF,TRANSITION,112,2018-03-02,2018-03-09,2
XLF,LH/LL,113,2018-03-16,2018-03-23,2
XLF,TRANSITION,114,2018-03-30,2018-03-30,1
XLF,LH/LL,115,2018-04-06,2018-07-27,17
XLF,TRANSITION,116,2018-08-03,2018-08-03,1
XLF,HH/HL,117,2018-08-10,2018-08-17,2
XLF,TRANSITION,118,2018-08-24,2018-08-31,2
XLF,LH/LL,119,2018-09-07,2018-10-19,7
XLF,TRANSITION,120,2018-10-26,2018-11-09,3
XLF,HH/HL,121,2018-11-16,2018-12-07,4
XLF,TRANSITION,122,2018-12-14,2018-12-14,1
XLF,LH/LL,123,2018-12-21,2019-01-04,3
XLF,TRANSITION,124,2019-01-11,2019-01-18,2
XLF,HH/HL,125,2019-01-25,2019-02-15,4
XLF,TRANSITION,126,2019-02-22,2019-03-01,2
XLF,LH/LL,127,2019-03-08,2019-04-12,6
XLF,TRANSITION,128,2019-04-19,2019-04-26,2
XLF,HH/HL,129,2019-05-03,2019-05-24,4
XLF,TRANSITION,130,2019-05-31,2019-05-31,1
XLF,LH/LL,131,2019-06-07,2019-06-07,1
XLF,TRANSITION,132,2019-06-14,2019-06-14,1
XLF,LH/LL,133,2019-06-21,2019-07-12,4
XLF,TRANSITION,134,2019-07-19,2019-07-19,1
XLF,HH/HL,135,2019-07-26,2019-08-09,3
XLF,TRANSITION,136,2019-08-16,2019-08-16,1
XLF,LH/LL,137,2019-08-23,2019-09-13,4
XLF,HH/HL,138,2019-09-20,2019-10-18,5
XLF,TRANSITION,139,2019-10-25,2019-10-25,1
XLF,HH/HL,140,2019-11-01,2019-11-29,5
XLF,TRANSITION,141,2019-12-06,2019-12-06,1
XLF,HH/HL,142,2019-12-13,2019-12-20,2
XLF,TRANSITION,143,2019-12-27,2020-01-03,2
XLF,LH/LL,144,2020-01-10,2020-05-29,21
XLF,TRANSITION,145,2020-06-05,2020-06-05,1
XLF,HH/HL,146,2020-06-12,2020-06-26,3
XLF,TRANSITION,147,2020-07-03,2020-07-03,1
XLF,LH/LL,148,2020-07-10,2020-07-24,3
XLF,TRANSITION,149,2020-07-31,2020-08-07,2
XLF,HH/HL,150,2020-08-14,2020-08-14,1
XLF,LH/LL,151,2020-08-21,2020-09-11,4
XLF,TRANSITION,152,2020-09-18,2020-09-18,1
XLF,LH/LL,153,2020-09-25,2020-10-02,2
XLF,TRANSITION,154,2020-10-09,2020-10-09,1
XLF,LH/LL,155,2020-10-16,2020-10-16,1
XLF,TRANSITION,156,2020-10-23,2020-10-30,2
XLF,LH/LL,157,2020-11-06,2020-11-06,1
XLF,TRANSITION,158,2020-11-13,2020-11-27,3
XLF,HH/HL,159,2020-12-04,2021-02-05,10
XLF,LH/LL,160,2021-02-12,2021-02-12,1
XLF,TRANSITION,161,2021-02-19,2021-02-19,1
XLF,HH/HL,162,2021-02-26,2021-04-02,6
XLF,TRANSITION,163,2021-04-09,2021-04-09,1
XLF,LH/LL,164,2021-04-16,2021-04-30,3
XLF,TRANSITION,165,2021-05-07,2021-05-07,1
XLF,HH/HL,166,2021-05-14,2021-06-11,5
XLF,TRANSITION,167,2021-06-18,2021-06-25,2
XLF,LH/LL,168,2021-07-02,2021-08-13,7
XLF,HH/HL,169,2021-08-20,2021-09-17,5
XLF,LH/LL,170,2021-09-24,2021-09-24,1
XLF,HH/HL,171,2021-10-01,2021-11-05,6
XLF,TRANSITION,172,2021-11-12,2021-11-12,1
XLF,LH/LL,173,2021-11-19,2021-12-31,7
XLF,TRANSITION,174,2022-01-07,2022-01-21,3
XLF,HH/HL,175,2022-01-28,2022-02-25,5
XLF,TRANSITION,176,2022-03-04,2022-03-04,1
XLF,LH/LL,177,2022-03-11,2022-05-20,11
XLF,TRANSITION,178,2022-05-27,2022-06-17,4
XLF,LH/LL,179,2022-06-24,2022-08-19,9
XLF,TRANSITION,180,2022-08-26,2022-08-26,1
XLF,HH/HL,181,2022-09-02,2022-11-25,13
XLF,TRANSITION,182,2022-12-02,2022-12-09,2
XLF,LH/LL,183,2022-12-16,2022-12-30,3
XLF,TRANSITION,184,2023-01-06,2023-01-06,1
XLF,HH/HL,185,2023-01-13,2023-01-27,3
XLF,TRANSITION,186,2023-02-03,2023-02-10,2
XLF,LH/LL,187,2023-02-17,2023-02-24,2
XLF,TRANSITION,188,2023-03-03,2023-03-17,3
XLF,LH/LL,189,2023-03-24,2023-04-28,6
XLF,HH/HL,190,2023-05-05,2023-05-05,1
XLF,TRANSITION,191,2023-05-12,2023-05-12,1
XLF,LH/LL,192,2023-05-19,2023-07-14,9
XLF,HH/HL,193,2023-07-21,2023-09-01,7
XLF,LH/LL,194,2023-09-08,2023-09-22,3
XLF,TRANSITION,195,2023-09-29,2023-09-29,1
XLF,HH/HL,196,2023-10-06,2023-10-06,1
XLF,TRANSITION,197,2023-10-13,2023-10-13,1
XLF,LH/LL,198,2023-10-20,2023-11-10,4
XLF,HH/HL,199,2023-11-17,2024-01-26,11
XLF,LH/LL,200,2024-02-02,2024-02-23,4
XLF,TRANSITION,201,2024-03-01,2024-03-01,1
XLF,HH/HL,202,2024-03-08,2024-04-05,5
XLF,TRANSITION,203,2024-04-12,2024-05-03,4
XLF,HH/HL,204,2024-05-10,2024-05-10,1
XLF,TRANSITION,205,2024-05-17,2024-05-31,3
XLF,LH/LL,206,2024-06-07,2024-07-05,5
XLF,TRANSITION,207,2024-07-12,2024-07-19,2
XLF,HH/HL,208,2024-07-26,2024-08-16,4
XLF,TRANSITION,209,2024-08-23,2024-08-23,1
XLF,HH/HL,210,2024-08-30,2024-09-27,5
XLF,TRANSITION,211,2024-10-04,2024-10-11,2
XLF,LH/LL,212,2024-10-18,2024-10-18,1
XLF,TRANSITION,213,2024-10-25,2024-10-25,1
XLF,HH/HL,214,2024-11-01,2024-12-20,8
XLF,LH/LL,215,2024-12-27,2025-01-17,4
XLF,TRANSITION,216,2025-01-24,2025-01-31,2
XLF,HH/HL,217,2025-02-07,2025-05-02,13
XLF,TRANSITION,218,2025-05-09,2025-05-09,1
XLF,LH/LL,219,2025-05-16,2025-08-29,16
XLF,TRANSITION,220,2025-09-05,2025-09-12,2
XLF,HH/HL,221,2025-09-19,2025-09-19,1
XLF,TRANSITION,222,2025-09-26,2025-09-26,1
XLF,LH/LL,223,2025-10-03,2025-11-21,8
XLF,TRANSITION,224,2025-11-28,2025-12-05,2
XLF,HH/HL,225,2025-12-12,2026-01-16,6
XLF,LH/LL,226,2026-01-23,2026-04-03,11
XLF,TRANSITION,227,2026-04-10,2026-04-10,1
XLF,HH/HL,228,2026-04-17,2026-04-17,1
XLI,HH/HL,1,2010-02-26,2010-05-21,13
XLI,TRANSITION,2,2010-05-28,2010-05-28,1
XLI,LH/LL,3,2010-06-04,2010-07-16,7
XLI,TRANSITION,4,2010-07-23,2010-08-06,3
XLI,HH/HL,5,2010-08-13,2010-08-20,2
XLI,TRANSITION,6,2010-08-27,2010-09-03,2
XLI,LH/LL,7,2010-09-10,2010-09-17,2
XLI,TRANSITION,8,2010-09-24,2010-09-24,1
XLI,HH/HL,9,2010-10-01,2010-10-22,4
XLI,TRANSITION,10,2010-10-29,2010-10-29,1
XLI,LH/LL,11,2010-11-05,2010-11-26,4
XLI,TRANSITION,12,2010-12-03,2010-12-03,1
XLI,HH/HL,13,2010-12-10,2011-01-07,5
XLI,TRANSITION,14,2011-01-14,2011-01-14,1
XLI,HH/HL,15,2011-01-21,2011-03-04,7
XLI,LH/LL,16,2011-03-11,2011-03-25,3
XLI,HH/HL,17,2011-04-01,2011-04-22,4
XLI,TRANSITION,18,2011-04-29,2011-04-29,1
XLI,LH/LL,19,2011-05-06,2011-05-20,3
XLI,TRANSITION,20,2011-05-27,2011-05-27,1
XLI,LH/LL,21,2011-06-03,2011-06-24,4
XLI,TRANSITION,22,2011-07-01,2011-07-01,1
XLI,HH/HL,23,2011-07-08,2011-07-15,2
XLI,TRANSITION,24,2011-07-22,2011-07-22,1
XLI,LH/LL,25,2011-07-29,2011-09-09,7
XLI,TRANSITION,26,2011-09-16,2011-09-16,1
XLI,LH/LL,27,2011-09-23,2011-09-30,2
XLI,TRANSITION,28,2011-10-07,2011-10-07,1
XLI,LH/LL,29,2011-10-14,2011-10-14,1
XLI,HH/HL,30,2011-10-21,2011-12-23,10
XLI,TRANSITION,31,2011-12-30,2011-12-30,1
XLI,HH/HL,32,2012-01-06,2012-02-24,8
XLI,LH/LL,33,2012-03-02,2012-04-27,9
XLI,TRANSITION,34,2012-05-04,2012-05-11,2
XLI,LH/LL,35,2012-05-18,2012-08-03,12
XLI,TRANSITION,36,2012-08-10,2012-08-17,2
XLI,HH/HL,37,2012-08-24,2012-08-31,2
XLI,TRANSITION,38,2012-09-07,2012-09-07,1
XLI,LH/LL,39,2012-09-14,2012-10-12,5
XLI,TRANSITION,40,2012-10-19,2012-10-19,1
XLI,HH/HL,41,2012-10-26,2013-03-08,20
XLI,TRANSITION,42,2013-03-15,2013-03-15,1
XLI,LH/LL,43,2013-03-22,2013-05-10,8
XLI,TRANSITION,44,2013-05-17,2013-05-17,1
XLI,HH/HL,45,2013-05-24,2013-06-21,5
XLI,TRANSITION,46,2013-06-28,2013-08-02,6
XLI,HH/HL,47,2013-08-09,2013-11-01,13
XLI,TRANSITION,48,2013-11-08,2013-11-08,1
XLI,HH/HL,49,2013-11-15,2013-11-29,3
XLI,TRANSITION,50,2013-12-06,2013-12-06,1
XLI,HH/HL,51,2013-12-13,2014-01-17,6
XLI,TRANSITION,52,2014-01-24,2014-01-24,1
XLI,LH/LL,53,2014-01-31,2014-02-14,3
XLI,TRANSITION,54,2014-02-21,2014-04-11,8
XLI,HH/HL,55,2014-04-18,2014-05-09,4
XLI,TRANSITION,56,2014-05-16,2014-06-27,7
XLI,LH/LL,57,2014-07-04,2014-08-22,8
XLI,TRANSITION,58,2014-08-29,2014-09-26,5
XLI,LH/LL,59,2014-10-03,2014-10-10,2
XLI,TRANSITION,60,2014-10-17,2014-10-31,3
XLI,HH/HL,61,2014-11-07,2014-12-05,5
XLI,TRANSITION,62,2014-12-12,2014-12-12,1
XLI,LH/LL,63,2014-12-19,2015-01-09,4
XLI,TRANSITION,64,2015-01-16,2015-01-16,1
XLI,LH/LL,65,2015-01-23,2015-01-30,2
XLI,TRANSITION,66,2015-02-06,2015-02-13,2
XLI,HH/HL,67,2015-02-20,2015-03-06,3
XLI,TRANSITION,68,2015-03-13,2015-03-13,1
XLI,LH/LL,69,2015-03-20,2015-05-15,9
XLI,TRANSITION,70,2015-05-22,2015-05-22,1
XLI,LH/LL,71,2015-05-29,2015-05-29,1
XLI,TRANSITION,72,2015-06-05,2015-06-05,1
XLI,LH/LL,73,2015-06-12,2015-08-14,10
XLI,TRANSITION,74,2015-08-21,2015-08-28,2
XLI,HH/HL,75,2015-09-04,2015-09-25,4
XLI,TRANSITION,76,2015-10-02,2015-10-16,3
XLI,HH/HL,77,2015-10-23,2015-10-30,2
XLI,TRANSITION,78,2015-11-06,2015-11-27,4
XLI,HH/HL,79,2015-12-04,2015-12-04,1
XLI,TRANSITION,80,2015-12-11,2015-12-11,1
XLI,LH/LL,81,2015-12-18,2016-01-08,4
XLI,TRANSITION,82,2016-01-15,2016-01-15,1
XLI,LH/LL,83,2016-01-22,2016-01-29,2
XLI,TRANSITION,84,2016-02-05,2016-02-12,2
XLI,HH/HL,85,2016-02-19,2016-04-08,8
XLI,TRANSITION,86,2016-04-15,2016-05-06,4
XLI,HH/HL,87,2016-05-13,2016-05-20,2
XLI,LH/LL,88,2016-05-27,2016-06-17,4
XLI,TRANSITION,89,2016-06-24,2016-06-24,1
XLI,HH/HL,90,2016-07-01,2016-07-22,4
XLI,TRANSITION,91,2016-07-29,2016-08-05,2
XLI,LH/LL,92,2016-08-12,2016-08-26,3
XLI,TRANSITION,93,2016-09-02,2016-09-02,1
XLI,HH/HL,94,2016-09-09,2016-09-09,1
XLI,LH/LL,95,2016-09-16,2016-10-07,4
XLI,HH/HL,96,2016-10-14,2016-10-21,2
XLI,TRANSITION,97,2016-10-28,2016-10-28,1
XLI,HH/HL,98,2016-11-04,2016-11-04,1
XLI,TRANSITION,99,2016-11-11,2016-11-11,1
XLI,HH/HL,100,2016-11-18,2016-12-23,6
XLI,LH/LL,101,2016-12-30,2017-01-27,5
XLI,TRANSITION,102,2017-02-03,2017-02-17,3
XLI,LH/LL,103,2017-02-24,2017-02-24,1
XLI,TRANSITION,104,2017-03-03,2017-03-03,1
XLI,LH/LL,105,2017-03-10,2017-04-14,6
XLI,TRANSITION,106,2017-04-21,2017-05-05,3
XLI,HH/HL,107,2017-05-12,2017-07-14,10
XLI,TRANSITION,108,2017-07-21,2017-07-28,2
XLI,LH/LL,109,2017-08-04,2017-09-15,7
XLI,HH/HL,110,2017-09-22,2017-10-27,6
XLI,TRANSITION,111,2017-11-03,2017-11-10,2
XLI,LH/LL,112,2017-11-17,2017-12-08,4
XLI,HH/HL,113,2017-12-15,2018-02-02,8
XLI,LH/LL,114,2018-02-09,2018-02-16,2
XLI,TRANSITION,115,2018-02-23,2018-02-23,1
XLI,LH/LL,116,2018-03-02,2018-03-23,4
XLI,TRANSITION,117,2018-03-30,2018-04-06,2
XLI,LH/LL,118,2018-04-13,2018-04-13,1
XLI,TRANSITION,119,2018-04-20,2018-05-11,4
XLI,LH/LL,120,2018-05-18,2018-05-25,2
XLI,TRANSITION,121,2018-06-01,2018-06-15,3
XLI,LH/LL,122,2018-06-22,2018-07-27,6
XLI,TRANSITION,123,2018-08-03,2018-08-03,1
XLI,HH/HL,124,2018-08-10,2018-08-17,2
XLI,TRANSITION,125,2018-08-24,2018-09-07,3
XLI,HH/HL,126,2018-09-14,2018-10-12,5
XLI,TRANSITION,127,2018-10-19,2018-10-26,2
XLI,LH/LL,128,2018-11-02,2018-11-16,3
XLI,TRANSITION,129,2018-11-23,2018-11-30,2
XLI,LH/LL,130,2018-12-07,2018-12-07,1
XLI,TRANSITION,131,2018-12-14,2018-12-14,1
XLI,LH/LL,132,2018-12-21,2019-01-04,3
XLI,TRANSITION,133,2019-01-11,2019-01-11,1
XLI,HH/HL,134,2019-01-18,2019-03-08,8
XLI,TRANSITION,135,2019-03-15,2019-03-15,1
XLI,LH/LL,136,2019-03-22,2019-04-12,4
XLI,TRANSITION,137,2019-04-19,2019-04-26,2
XLI,HH/HL,138,2019-05-03,2019-05-10,2
XLI,LH/LL,139,2019-05-17,2019-06-28,7
XLI,TRANSITION,140,2019-07-05,2019-07-19,3
XLI,LH/LL,141,2019-07-26,2019-09-06,7
XLI,TRANSITION,142,2019-09-13,2019-09-13,1
XLI,HH/HL,143,2019-09-20,2019-10-04,3
XLI,TRANSITION,144,2019-10-11,2019-10-11,1
XLI,LH/LL,145,2019-10-18,2019-10-25,2
XLI,TRANSITION,146,2019-11-01,2019-11-01,1
XLI,HH/HL,147,2019-11-08,2019-11-29,4
XLI,LH/LL,148,2019-12-06,2020-01-17,7
XLI,TRANSITION,149,2020-01-24,2020-01-24,1
XLI,LH/LL,150,2020-01-31,2020-05-29,18
XLI,TRANSITION,151,2020-06-05,2020-06-05,1
XLI,HH/HL,152,2020-06-12,2020-06-26,3
XLI,TRANSITION,153,2020-07-03,2020-07-03,1
XLI,LH/LL,154,2020-07-10,2020-07-31,4
XLI,HH/HL,155,2020-08-07,2020-10-09,10
XLI,TRANSITION,156,2020-10-16,2020-10-23,2
XLI,LH/LL,157,2020-10-30,2020-11-06,2
XLI,TRANSITION,158,2020-11-13,2020-11-27,3
XLI,HH/HL,159,2020-12-04,2020-12-18,3
XLI,TRANSITION,160,2020-12-25,2020-12-25,1
XLI,LH/LL,161,2021-01-01,2021-02-19,8
XLI,HH/HL,162,2021-02-26,2021-04-16,8
XLI,LH/LL,163,2021-04-23,2021-04-30,2
XLI,TRANSITION,164,2021-05-07,2021-05-07,1
XLI,HH/HL,165,2021-05-14,2021-06-04,4
XLI,TRANSITION,166,2021-06-11,2021-06-11,1
XLI,LH/LL,167,2021-06-18,2021-10-08,17
XLI,TRANSITION,168,2021-10-15,2021-10-15,1
XLI,HH/HL,169,2021-10-22,2021-11-05,3
XLI,TRANSITION,170,2021-11-12,2021-11-12,1
XLI,LH/LL,171,2021-11-19,2021-12-31,7
XLI,TRANSITION,172,2022-01-07,2022-01-14,2
XLI,HH/HL,173,2022-01-21,2022-02-11,4
XLI,TRANSITION,174,2022-02-18,2022-02-18,1
XLI,LH/LL,175,2022-02-25,2022-02-25,1
XLI,HH/HL,176,2022-03-04,2022-04-01,5
XLI,LH/LL,177,2022-04-08,2022-04-29,4
XLI,HH/HL,178,2022-05-06,2022-06-03,5
XLI,TRANSITION,179,2022-06-10,2022-07-01,4
XLI,LH/LL,180,2022-07-08,2022-08-05,5
XLI,HH/HL,181,2022-08-12,2022-09-09,5
XLI,TRANSITION,182,2022-09-16,2022-09-16,1
XLI,LH/LL,183,2022-09-23,2022-10-07,3
XLI,HH/HL,184,2022-10-14,2022-11-25,7
XLI,TRANSITION,185,2022-12-02,2022-12-09,2
XLI,HH/HL,186,2022-12-16,2023-01-13,5
XLI,TRANSITION,187,2023-01-20,2023-01-27,2
XLI,LH/LL,188,2023-02-03,2023-02-17,3
XLI,TRANSITION,189,2023-02-24,2023-03-03,2
XLI,HH/HL,190,2023-03-10,2023-03-10,1
XLI,TRANSITION,191,2023-03-17,2023-03-31,3
XLI,LH/LL,192,2023-04-07,2023-04-28,4
XLI,TRANSITION,193,2023-05-05,2023-05-12,2
XLI,LH/LL,194,2023-05-19,2023-06-16,5
XLI,TRANSITION,195,2023-06-23,2023-06-23,1
XLI,HH/HL,196,2023-06-30,2023-08-11,7
XLI,TRANSITION,197,2023-08-18,2023-08-18,1
XLI,HH/HL,198,2023-08-25,2023-09-01,2
XLI,LH/LL,199,2023-09-08,2023-11-24,12
XLI,TRANSITION,200,2023-12-01,2023-12-01,1
XLI,HH/HL,201,2023-12-08,2024-01-12,6
XLI,TRANSITION,202,2024-01-19,2024-01-19,1
XLI,LH/LL,203,2024-01-26,2024-02-16,4
XLI,TRANSITION,204,2024-02-23,2024-02-23,1
XLI,HH/HL,205,2024-03-01,2024-05-03,10
XLI,TRANSITION,206,2024-05-10,2024-05-10,1
XLI,LH/LL,207,2024-05-17,2024-07-19,10
XLI,TRANSITION,208,2024-07-26,2024-07-26,1
XLI,HH/HL,209,2024-08-02,2024-11-01,14
XLI,TRANSITION,210,2024-11-08,2024-11-08,1
XLI,LH/LL,211,2024-11-15,2024-11-15,1
XLI,HH/HL,212,2024-11-22,2024-11-29,2
XLI,TRANSITION,213,2024-12-06,2024-12-13,2
XLI,LH/LL,214,2024-12-20,2025-01-17,5
XLI,HH/HL,215,2025-01-24,2025-02-14,4
XLI,TRANSITION,216,2025-02-21,2025-02-21,1
XLI,LH/LL,217,2025-02-28,2025-02-28,1
XLI,TRANSITION,218,2025-03-07,2025-03-14,2
XLI,HH/HL,219,2025-03-21,2025-06-13,13
XLI,TRANSITION,220,2025-06-20,2025-06-20,1
XLI,LH/LL,221,2025-06-27,2025-07-18,4
XLI,HH/HL,222,2025-07-25,2025-08-01,2
XLI,TRANSITION,223,2025-08-08,2025-08-15,2
XLI,LH/LL,224,2025-08-22,2025-12-05,16
XLI,TRANSITION,225,2025-12-12,2025-12-19,2
XLI,HH/HL,226,2025-12-26,2026-03-20,13
XLI,LH/LL,227,2026-03-27,2026-04-17,4
XLK,TRANSITION,1,2010-02-26,2010-03-19,4
XLK,LH/LL,2,2010-03-26,2010-03-26,1
XLK,TRANSITION,3,2010-04-02,2010-04-02,1
XLK,HH/HL,4,2010-04-09,2010-04-30,4
XLK,TRANSITION,5,2010-05-07,2010-05-07,1
XLK,LH/LL,6,2010-05-14,2010-05-28,3
XLK,HH/HL,7,2010-06-04,2010-06-25,4
XLK,TRANSITION,8,2010-07-02,2010-07-30,5
XLK,HH/HL,9,2010-08-06,2010-08-06,1
XLK,TRANSITION,10,2010-08-13,2010-08-13,1
XLK,LH/LL,11,2010-08-20,2010-09-10,4
XLK,TRANSITION,12,2010-09-17,2010-10-01,3
XLK,HH/HL,13,2010-10-08,2010-11-19,7
XLK,TRANSITION,14,2010-11-26,2010-11-26,1
XLK,LH/LL,15,2010-12-03,2011-01-21,8
XLK,TRANSITION,16,2011-01-28,2011-01-28,1
XLK,HH/HL,17,2011-02-04,2011-02-18,3
XLK,TRANSITION,18,2011-02-25,2011-02-25,1
XLK,LH/LL,19,2011-03-04,2011-04-08,6
XLK,TRANSITION,20,2011-04-15,2011-04-29,3
XLK,HH/HL,21,2011-05-06,2011-06-03,5
XLK,LH/LL,22,2011-06-10,2011-07-01,4
XLK,TRANSITION,23,2011-07-08,2011-07-08,1
XLK,HH/HL,24,2011-07-15,2011-09-02,8
XLK,TRANSITION,25,2011-09-09,2011-09-09,1
XLK,HH/HL,26,2011-09-16,2011-11-04,8
XLK,LH/LL,27,2011-11-11,2011-11-18,2
XLK,TRANSITION,28,2011-11-25,2011-12-09,3
XLK,LH/LL,29,2011-12-16,2012-01-13,5
XLK,TRANSITION,30,2012-01-20,2012-01-27,2
XLK,HH/HL,31,2012-02-03,2012-04-20,12
XLK,TRANSITION,32,2012-04-27,2012-05-04,2
XLK,LH/LL,33,2012-05-11,2012-06-15,6
XLK,HH/HL,34,2012-06-22,2012-06-22,1
XLK,TRANSITION,35,2012-06-29,2012-07-13,3
XLK,LH/LL,36,2012-07-20,2012-08-03,3
XLK,HH/HL,37,2012-08-10,2012-09-07,5
XLK,TRANSITION,38,2012-09-14,2012-09-21,2
XLK,LH/LL,39,2012-09-28,2012-12-14,12
XLK,TRANSITION,40,2012-12-21,2012-12-21,1
XLK,LH/LL,41,2012-12-28,2013-02-15,8
XLK,TRANSITION,42,2013-02-22,2013-03-01,2
XLK,LH/LL,43,2013-03-08,2013-05-10,10
XLK,HH/HL,44,2013-05-17,2013-06-21,6
XLK,LH/LL,45,2013-06-28,2013-08-09,7
XLK,HH/HL,46,2013-08-16,2013-09-13,5
XLK,TRANSITION,47,2013-09-20,2013-09-27,2
XLK,LH/LL,48,2013-10-04,2013-10-11,2
XLK,TRANSITION,49,2013-10-18,2013-10-25,2
XLK,HH/HL,50,2013-11-01,2013-11-08,2
XLK,TRANSITION,51,2013-11-15,2013-12-13,5
XLK,HH/HL,52,2013-12-20,2014-01-17,5
XLK,TRANSITION,53,2014-01-24,2014-01-31,2
XLK,HH/HL,54,2014-02-07,2014-02-14,2
XLK,TRANSITION,55,2014-02-21,2014-02-28,2
XLK,LH/LL,56,2014-03-07,2014-05-09,10
XLK,TRANSITION,57,2014-05-16,2014-05-16,1
XLK,HH/HL,58,2014-05-23,2014-06-27,6
XLK,TRANSITION,59,2014-07-04,2014-07-11,2
XLK,HH/HL,60,2014-07-18,2014-08-22,6
XLK,TRANSITION,61,2014-08-29,2014-09-05,2
XLK,HH/HL,62,2014-09-12,2014-10-03,4
XLK,LH/LL,63,2014-10-10,2014-10-31,4
XLK,TRANSITION,64,2014-11-07,2014-11-07,1
XLK,HH/HL,65,2014-11-14,2014-12-19,6
XLK,TRANSITION,66,2014-12-26,2014-12-26,1
XLK,LH/LL,67,2015-01-02,2015-02-06,6
XLK,TRANSITION,68,2015-02-13,2015-02-27,3
XLK,HH/HL,69,2015-03-06,2015-03-20,3
XLK,TRANSITION,70,2015-03-27,2015-03-27,1
XLK,LH/LL,71,2015-04-03,2015-04-24,4
XLK,TRANSITION,72,2015-05-01,2015-05-08,2
XLK,HH/HL,73,2015-05-15,2015-06-05,4
XLK,TRANSITION,74,2015-06-12,2015-06-19,2
XLK,LH/LL,75,2015-06-26,2015-07-24,5
XLK,TRANSITION,76,2015-07-31,2015-07-31,1
XLK,HH/HL,77,2015-08-07,2015-08-07,1
XLK,TRANSITION,78,2015-08-14,2015-08-28,3
XLK,LH/LL,79,2015-09-04,2015-09-04,1
XLK,TRANSITION,80,2015-09-11,2015-09-11,1
XLK,HH/HL,81,2015-09-18,2015-11-13,9
XLK,TRANSITION,82,2015-11-20,2015-11-27,2
XLK,HH/HL,83,2015-12-04,2015-12-25,4
XLK,TRANSITION,84,2016-01-01,2016-01-01,1
XLK,LH/LL,85,2016-01-08,2016-01-22,3
XLK,TRANSITION,86,2016-01-29,2016-01-29,1
XLK,HH/HL,87,2016-02-05,2016-02-19,3
XLK,TRANSITION,88,2016-02-26,2016-03-11,3
XLK,HH/HL,89,2016-03-18,2016-04-15,5
XLK,TRANSITION,90,2016-04-22,2016-04-22,1
XLK,LH/LL,91,2016-04-29,2016-05-20,4
XLK,TRANSITION,92,2016-05-27,2016-06-03,2
XLK,HH/HL,93,2016-06-10,2016-06-17,2
XLK,TRANSITION,94,2016-06-24,2016-07-01,2
XLK,LH/LL,95,2016-07-08,2016-07-15,2
XLK,TRANSITION,96,2016-07-22,2016-07-22,1
XLK,HH/HL,97,2016-07-29,2016-11-04,15
XLK,TRANSITION,98,2016-11-11,2016-11-18,2
XLK,LH/LL,99,2016-11-25,2016-12-23,5
XLK,TRANSITION,100,2016-12-30,2016-12-30,1
XLK,HH/HL,101,2017-01-06,2017-06-09,23
XLK,TRANSITION,102,2017-06-16,2017-06-23,2
XLK,LH/LL,103,2017-06-30,2017-07-21,4
XLK,HH/HL,104,2017-07-28,2017-09-22,9
XLK,TRANSITION,105,2017-09-29,2017-09-29,1
XLK,LH/LL,106,2017-10-06,2017-10-13,2
XLK,HH/HL,107,2017-10-20,2017-12-08,8
XLK,TRANSITION,108,2017-12-15,2017-12-15,1
XLK,LH/LL,109,2017-12-22,2018-01-12,4
XLK,TRANSITION,110,2018-01-19,2018-01-19,1
XLK,HH/HL,111,2018-01-26,2018-01-26,1
XLK,TRANSITION,112,2018-02-02,2018-02-02,1
XLK,HH/HL,113,2018-02-09,2018-04-06,9
XLK,LH/LL,114,2018-04-13,2018-04-27,3
XLK,HH/HL,115,2018-05-04,2018-06-22,8
XLK,TRANSITION,116,2018-06-29,2018-07-06,2
XLK,LH/LL,117,2018-07-13,2018-07-20,2
XLK,TRANSITION,118,2018-07-27,2018-08-03,2
XLK,LH/LL,119,2018-08-10,2018-08-17,2
XLK,TRANSITION,120,2018-08-24,2018-08-24,1
XLK,HH/HL,121,2018-08-31,2018-09-14,3
XLK,TRANSITION,122,2018-09-21,2018-09-21,1
XLK,LH/LL,123,2018-09-28,2018-12-14,12
XLK,TRANSITION,124,2018-12-21,2018-12-28,2
XLK,LH/LL,125,2019-01-04,2019-01-25,4
XLK,TRANSITION,126,2019-02-01,2019-02-01,1
XLK,HH/HL,127,2019-02-08,2019-05-10,14
XLK,TRANSITION,128,2019-05-17,2019-05-17,1
XLK,LH/LL,129,2019-05-24,2019-06-14,4
XLK,TRANSITION,130,2019-06-21,2019-06-21,1
XLK,HH/HL,131,2019-06-28,2019-08-16,8
XLK,TRANSITION,132,2019-08-23,2019-08-23,1
XLK,LH/LL,133,2019-08-30,2019-08-30,1
XLK,TRANSITION,134,2019-09-06,2019-09-27,4
XLK,LH/LL,135,2019-10-04,2019-10-04,1
XLK,TRANSITION,136,2019-10-11,2019-10-11,1
XLK,HH/HL,137,2019-10-18,2020-04-03,25
XLK,TRANSITION,138,2020-04-10,2020-04-17,2
XLK,HH/HL,139,2020-04-24,2020-04-24,1
XLK,TRANSITION,140,2020-05-01,2020-05-01,1
XLK,HH/HL,141,2020-05-08,2020-06-19,7
XLK,TRANSITION,142,2020-06-26,2020-06-26,1
XLK,HH/HL,143,2020-07-03,2020-07-31,5
XLK,LH/LL,144,2020-08-07,2020-08-14,2
XLK,HH/HL,145,2020-08-21,2020-09-11,4
XLK,TRANSITION,146,2020-09-18,2020-09-18,1
XLK,LH/LL,147,2020-09-25,2020-10-09,3
XLK,TRANSITION,148,2020-10-16,2020-10-16,1
XLK,HH/HL,149,2020-10-23,2020-11-06,3
XLK,LH/LL,150,2020-11-13,2020-12-18,6
XLK,HH/HL,151,2020-12-25,2021-01-15,4
XLK,LH/LL,152,2021-01-22,2021-02-05,3
XLK,HH/HL,153,2021-02-12,2021-02-26,3
XLK,TRANSITION,154,2021-03-05,2021-03-05,1
XLK,LH/LL,155,2021-03-12,2021-04-09,5
XLK,HH/HL,156,2021-04-16,2021-04-30,3
XLK,LH/LL,157,2021-05-07,2021-06-04,5
XLK,TRANSITION,158,2021-06-11,2021-06-11,1
XLK,HH/HL,159,2021-06-18,2021-08-27,11
XLK,TRANSITION,160,2021-09-03,2021-09-03,1
XLK,HH/HL,161,2021-09-10,2021-10-01,4
XLK,TRANSITION,162,2021-10-08,2021-10-15,2
XLK,LH/LL,163,2021-10-22,2021-10-29,2
XLK,HH/HL,164,2021-11-05,2021-12-31,9
XLK,LH/LL,165,2022-01-07,2022-04-15,15
XLK,TRANSITION,166,2022-04-22,2022-04-22,1
XLK,LH/LL,167,2022-04-29,2022-05-06,2
XLK,TRANSITION,168,2022-05-13,2022-06-10,5
XLK,LH/LL,169,2022-06-17,2022-06-24,2
XLK,TRANSITION,170,2022-07-01,2022-07-22,4
XLK,HH/HL,171,2022-07-29,2022-08-26,5
XLK,LH/LL,172,2022-09-02,2022-11-11,11
XLK,TRANSITION,173,2022-11-18,2022-11-25,2
XLK,HH/HL,174,2022-12-02,2022-12-02,1
XLK,TRANSITION,175,2022-12-09,2022-12-23,3
XLK,LH/LL,176,2022-12-30,2023-01-20,4
XLK,TRANSITION,177,2023-01-27,2023-01-27,1
XLK,HH/HL,178,2023-02-03,2023-04-21,12
XLK,TRANSITION,179,2023-04-28,2023-04-28,1
XLK,LH/LL,180,2023-05-05,2023-05-12,2
XLK,HH/HL,181,2023-05-19,2023-07-07,8
XLK,TRANSITION,182,2023-07-14,2023-07-28,3
XLK,LH/LL,183,2023-08-04,2023-09-01,5
XLK,HH/HL,184,2023-09-08,2023-09-22,3
XLK,TRANSITION,185,2023-09-29,2023-09-29,1
XLK,HH/HL,186,2023-10-06,2023-12-01,9
XLK,TRANSITION,187,2023-12-08,2023-12-22,3
XLK,LH/LL,188,2023-12-29,2023-12-29,1
XLK,TRANSITION,189,2024-01-05,2024-01-05,1
XLK,LH/LL,190,2024-01-12,2024-01-12,1
XLK,TRANSITION,191,2024-01-19,2024-01-26,2
XLK,HH/HL,192,2024-02-02,2024-02-09,2
XLK,TRANSITION,193,2024-02-16,2024-03-01,3
XLK,LH/LL,194,2024-03-08,2024-05-10,10
XLK,TRANSITION,195,2024-05-17,2024-05-17,1
XLK,HH/HL,196,2024-05-24,2024-07-05,7
XLK,TRANSITION,197,2024-07-12,2024-07-19,2
XLK,LH/LL,198,2024-07-26,2024-08-23,5
XLK,TRANSITION,199,2024-08-30,2024-08-30,1
XLK,LH/LL,200,2024-09-06,2024-09-27,4
XLK,TRANSITION,201,2024-10-04,2024-10-11,2
XLK,HH/HL,202,2024-10-18,2024-11-01,3
XLK,TRANSITION,203,2024-11-08,2024-11-08,1
XLK,LH/LL,204,2024-11-15,2024-12-13,5
XLK,TRANSITION,205,2024-12-20,2024-12-20,1
XLK,HH/HL,206,2024-12-27,2025-01-17,4
XLK,LH/LL,207,2025-01-24,2025-04-25,14
XLK,HH/HL,208,2025-05-02,2025-08-15,16
XLK,TRANSITION,209,2025-08-22,2025-08-29,2
XLK,LH/LL,210,2025-09-05,2025-09-12,2
XLK,TRANSITION,211,2025-09-19,2025-09-26,2
XLK,HH/HL,212,2025-10-03,2025-11-14,7
XLK,TRANSITION,213,2025-11-21,2025-11-21,1
XLK,LH/LL,214,2025-11-28,2025-12-12,3
XLK,TRANSITION,215,2025-12-19,2026-01-16,5
XLK,LH/LL,216,2026-01-23,2026-03-13,8
XLK,TRANSITION,217,2026-03-20,2026-03-20,1
XLK,HH/HL,218,2026-03-27,2026-04-17,4
XLP,HH/HL,1,2010-02-26,2010-03-05,2
XLP,LH/LL,2,2010-03-12,2010-04-30,8
XLP,TRANSITION,3,2010-05-07,2010-05-14,2
XLP,HH/HL,4,2010-05-21,2010-06-18,5
XLP,TRANSITION,5,2010-06-25,2010-07-09,3
XLP,HH/HL,6,2010-07-16,2010-07-23,2
XLP,TRANSITION,7,2010-07-30,2010-08-13,3
XLP,LH/LL,8,2010-08-20,2010-08-20,1
XLP,TRANSITION,9,2010-08-27,2010-08-27,1
XLP,HH/HL,10,2010-09-03,2010-09-17,3
XLP,TRANSITION,11,2010-09-24,2010-09-24,1
XLP,LH/LL,12,2010-10-01,2011-03-11,24
XLP,HH/HL,13,2011-03-18,2011-06-24,15
XLP,TRANSITION,14,2011-07-01,2011-07-08,2
XLP,LH/LL,15,2011-07-15,2011-07-22,2
XLP,TRANSITION,16,2011-07-29,2011-07-29,1
XLP,HH/HL,17,2011-08-05,2011-09-09,6
XLP,TRANSITION,18,2011-09-16,2011-09-23,2
XLP,HH/HL,19,2011-09-30,2011-09-30,1
XLP,TRANSITION,20,2011-10-07,2011-10-21,3
XLP,LH/LL,21,2011-10-28,2011-11-18,4
XLP,HH/HL,22,2011-11-25,2011-12-16,4
XLP,TRANSITION,23,2011-12-23,2011-12-30,2
XLP,LH/LL,24,2012-01-06,2012-02-24,8
XLP,TRANSITION,25,2012-03-02,2012-03-09,2
XLP,LH/LL,26,2012-03-16,2012-03-16,1
XLP,TRANSITION,27,2012-03-23,2012-04-06,3
XLP,HH/HL,28,2012-04-13,2012-06-22,11
XLP,TRANSITION,29,2012-06-29,2012-06-29,1
XLP,LH/LL,30,2012-07-06,2012-07-06,1
XLP,TRANSITION,31,2012-07-13,2012-07-13,1
XLP,HH/HL,32,2012-07-20,2012-08-03,3
XLP,LH/LL,33,2012-08-10,2012-10-05,9
XLP,TRANSITION,34,2012-10-12,2012-10-12,1
XLP,HH/HL,35,2012-10-19,2012-11-02,3
XLP,TRANSITION,36,2012-11-09,2012-11-23,3
XLP,HH/HL,37,2012-11-30,2012-12-14,3
XLP,TRANSITION,38,2012-12-21,2012-12-28,2
XLP,LH/LL,39,2013-01-04,2013-02-01,5
XLP,HH/HL,40,2013-02-08,2013-03-29,8
XLP,TRANSITION,41,2013-04-05,2013-04-05,1
XLP,HH/HL,42,2013-04-12,2013-05-03,4
XLP,TRANSITION,43,2013-05-10,2013-05-10,1
XLP,LH/LL,44,2013-05-17,2013-06-21,6
XLP,TRANSITION,45,2013-06-28,2013-07-19,4
XLP,LH/LL,46,2013-07-26,2013-10-25,14
XLP,HH/HL,47,2013-11-01,2013-11-22,4
XLP,LH/LL,48,2013-11-29,2014-03-14,16
XLP,HH/HL,49,2014-03-21,2014-05-23,10
XLP,TRANSITION,50,2014-05-30,2014-05-30,1
XLP,LH/LL,51,2014-06-06,2014-09-19,16
XLP,HH/HL,52,2014-09-26,2014-10-31,6
XLP,TRANSITION,53,2014-11-07,2014-11-28,4
XLP,HH/HL,54,2014-12-05,2015-02-06,10
XLP,TRANSITION,55,2015-02-13,2015-02-13,1
XLP,LH/LL,56,2015-02-20,2015-03-27,6
XLP,TRANSITION,57,2015-04-03,2015-04-10,2
XLP,HH/HL,58,2015-04-17,2015-04-17,1
XLP,TRANSITION,59,2015-04-24,2015-04-24,1
XLP,LH/LL,60,2015-05-01,2015-06-26,9
XLP,TRANSITION,61,2015-07-03,2015-07-03,1
XLP,HH/HL,62,2015-07-10,2015-10-16,15
XLP,TRANSITION,63,2015-10-23,2015-10-30,2
XLP,LH/LL,64,2015-11-06,2015-11-27,4
XLP,TRANSITION,65,2015-12-04,2015-12-04,1
XLP,HH/HL,66,2015-12-11,2016-03-04,13
XLP,LH/LL,67,2016-03-11,2016-04-15,6
XLP,TRANSITION,68,2016-04-22,2016-04-29,2
XLP,LH/LL,69,2016-05-06,2016-05-13,2
XLP,TRANSITION,70,2016-05-20,2016-05-27,2
XLP,HH/HL,71,2016-06-03,2016-06-03,1
XLP,TRANSITION,72,2016-06-10,2016-06-10,1
XLP,LH/LL,73,2016-06-17,2016-06-17,1
XLP,HH/HL,74,2016-06-24,2016-07-22,5
XLP,TRANSITION,75,2016-07-29,2016-07-29,1
XLP,LH/LL,76,2016-08-05,2016-10-21,12
XLP,TRANSITION,77,2016-10-28,2016-10-28,1
XLP,HH/HL,78,2016-11-04,2016-11-04,1
XLP,TRANSITION,79,2016-11-11,2016-11-18,2
XLP,LH/LL,80,2016-11-25,2016-12-30,6
XLP,HH/HL,81,2017-01-06,2017-01-06,1
XLP,TRANSITION,82,2017-01-13,2017-02-03,4
XLP,HH/HL,83,2017-02-10,2017-02-10,1
XLP,TRANSITION,84,2017-02-17,2017-02-17,1
XLP,HH/HL,85,2017-02-24,2017-04-28,10
XLP,TRANSITION,86,2017-05-05,2017-05-05,1
XLP,LH/LL,87,2017-05-12,2017-06-02,4
XLP,HH/HL,88,2017-06-09,2017-06-16,2
XLP,TRANSITION,89,2017-06-23,2017-06-23,1
XLP,LH/LL,90,2017-06-30,2017-08-11,7
XLP,TRANSITION,91,2017-08-18,2017-09-08,4
XLP,LH/LL,92,2017-09-15,2017-11-24,11
XLP,TRANSITION,93,2017-12-01,2017-12-01,1
XLP,HH/HL,94,2017-12-08,2017-12-29,4
XLP,TRANSITION,95,2018-01-05,2018-01-05,1
XLP,LH/LL,96,2018-01-12,2018-02-02,4
XLP,TRANSITION,97,2018-02-09,2018-02-09,1
XLP,LH/LL,98,2018-02-16,2018-04-06,8
XLP,HH/HL,99,2018-04-13,2018-04-13,1
XLP,TRANSITION,100,2018-04-20,2018-04-27,2
XLP,LH/LL,101,2018-05-04,2018-06-15,7
XLP,TRANSITION,102,2018-06-22,2018-06-22,1
XLP,HH/HL,103,2018-06-29,2018-07-20,4
XLP,TRANSITION,104,2018-07-27,2018-07-27,1
XLP,HH/HL,105,2018-08-03,2018-08-10,2
XLP,TRANSITION,106,2018-08-17,2018-09-07,4
XLP,LH/LL,107,2018-09-14,2018-09-21,2
XLP,TRANSITION,108,2018-09-28,2018-10-05,2
XLP,HH/HL,109,2018-10-12,2018-12-28,12
XLP,TRANSITION,110,2019-01-04,2019-01-04,1
XLP,LH/LL,111,2019-01-11,2019-02-15,6
XLP,TRANSITION,112,2019-02-22,2019-02-22,1
XLP,LH/LL,113,2019-03-01,2019-03-22,4
XLP,TRANSITION,114,2019-03-29,2019-04-19,4
XLP,LH/LL,115,2019-04-26,2019-04-26,1
XLP,TRANSITION,116,2019-05-03,2019-05-03,1
XLP,HH/HL,117,2019-05-10,2019-06-21,7
XLP,TRANSITION,118,2019-06-28,2019-07-05,2
XLP,LH/LL,119,2019-07-12,2019-07-19,2
XLP,TRANSITION,120,2019-07-26,2019-08-02,2
XLP,HH/HL,121,2019-08-09,2019-09-13,6
XLP,TRANSITION,122,2019-09-20,2019-09-20,1
XLP,LH/LL,123,2019-09-27,2019-10-11,3
XLP,HH/HL,124,2019-10-18,2019-10-25,2
XLP,LH/LL,125,2019-11-01,2019-11-29,5
XLP,TRANSITION,126,2019-12-06,2019-12-27,4
XLP,LH/LL,127,2020-01-03,2020-02-07,6
XLP,TRANSITION,128,2020-02-14,2020-02-21,2
XLP,LH/LL,129,2020-02-28,2020-02-28,1
XLP,TRANSITION,130,2020-03-06,2020-03-06,1
XLP,HH/HL,131,2020-03-13,2020-04-24,7
XLP,LH/LL,132,2020-05-01,2020-06-26,9
XLP,TRANSITION,133,2020-07-03,2020-07-17,3
XLP,HH/HL,134,2020-07-24,2020-08-14,4
XLP,TRANSITION,135,2020-08-21,2020-08-21,1
XLP,LH/LL,136,2020-08-28,2020-09-11,3
XLP,TRANSITION,137,2020-09-18,2020-09-18,1
XLP,HH/HL,138,2020-09-25,2020-10-02,2
XLP,TRANSITION,139,2020-10-09,2020-10-16,2
XLP,LH/LL,140,2020-10-23,2021-03-19,22
XLP,HH/HL,141,2021-03-26,2021-04-16,4
XLP,LH/LL,142,2021-04-23,2021-05-14,4
XLP,TRANSITION,143,2021-05-21,2021-05-21,1
XLP,HH/HL,144,2021-05-28,2021-06-11,3
XLP,LH/LL,145,2021-06-18,2021-09-03,12
XLP,TRANSITION,146,2021-09-10,2021-09-10,1
XLP,LH/LL,147,2021-09-17,2021-09-17,1
XLP,TRANSITION,148,2021-09-24,2021-10-08,3
XLP,LH/LL,149,2021-10-15,2021-12-03,8
XLP,TRANSITION,150,2021-12-10,2021-12-10,1
XLP,HH/HL,151,2021-12-17,2022-03-11,13
XLP,TRANSITION,152,2022-03-18,2022-03-25,2
XLP,LH/LL,153,2022-04-01,2022-04-01,1
XLP,TRANSITION,154,2022-04-08,2022-04-15,2
XLP,HH/HL,155,2022-04-22,2022-05-27,6
XLP,TRANSITION,156,2022-06-03,2022-06-03,1
XLP,LH/LL,157,2022-06-10,2022-06-24,3
XLP,HH/HL,158,2022-07-01,2022-07-22,4
XLP,LH/LL,159,2022-07-29,2022-09-02,6
XLP,TRANSITION,160,2022-09-09,2022-09-09,1
XLP,HH/HL,161,2022-09-16,2022-11-25,11
XLP,TRANSITION,162,2022-12-02,2022-12-02,1
XLP,HH/HL,163,2022-12-09,2023-01-06,5
XLP,TRANSITION,164,2023-01-13,2023-01-13,1
XLP,LH/LL,165,2023-01-20,2023-02-24,6
XLP,TRANSITION,166,2023-03-03,2023-03-03,1
XLP,HH/HL,167,2023-03-10,2023-04-21,7
XLP,TRANSITION,168,2023-04-28,2023-05-05,2
XLP,HH/HL,169,2023-05-12,2023-05-12,1
XLP,TRANSITION,170,2023-05-19,2023-06-02,3
XLP,LH/LL,171,2023-06-09,2023-08-04,9
XLP,TRANSITION,172,2023-08-11,2023-08-11,1
XLP,HH/HL,173,2023-08-18,2023-08-18,1
XLP,TRANSITION,174,2023-08-25,2023-09-01,2
XLP,LH/LL,175,2023-09-08,2023-09-22,3
XLP,TRANSITION,176,2023-09-29,2023-09-29,1
XLP,LH/LL,177,2023-10-06,2023-11-03,5
XLP,TRANSITION,178,2023-11-10,2023-11-17,2
XLP,LH/LL,179,2023-11-24,2024-01-19,9
XLP,TRANSITION,180,2024-01-26,2024-01-26,1
XLP,LH/LL,181,2024-02-02,2024-03-22,8
XLP,HH/HL,182,2024-03-29,2024-03-29,1
XLP,TRANSITION,183,2024-04-05,2024-04-05,1
XLP,LH/LL,184,2024-04-12,2024-04-12,1
XLP,TRANSITION,185,2024-04-19,2024-04-26,2
XLP,HH/HL,186,2024-05-03,2024-05-10,2
XLP,TRANSITION,187,2024-05-17,2024-05-31,3
XLP,LH/LL,188,2024-06-07,2024-07-26,8
XLP,TRANSITION,189,2024-08-02,2024-08-02,1
XLP,HH/HL,190,2024-08-09,2024-08-23,3
XLP,TRANSITION,191,2024-08-30,2024-08-30,1
XLP,HH/HL,192,2024-09-06,2024-09-27,4
XLP,LH/LL,193,2024-10-04,2024-11-29,9
XLP,TRANSITION,194,2024-12-06,2024-12-13,2
XLP,LH/LL,195,2024-12-20,2025-02-14,9
XLP,HH/HL,196,2025-02-21,2025-05-09,12
XLP,LH/LL,197,2025-05-16,2025-10-31,25
XLP,TRANSITION,198,2025-11-07,2025-11-07,1
XLP,LH/LL,199,2025-11-14,2025-11-21,2
XLP,TRANSITION,200,2025-11-28,2025-12-05,2
XLP,HH/HL,201,2025-12-12,2025-12-12,1
XLP,TRANSITION,202,2025-12-19,2025-12-19,1
XLP,LH/LL,203,2025-12-26,2026-01-09,3
XLP,TRANSITION,204,2026-01-16,2026-01-16,1
XLP,HH/HL,205,2026-01-23,2026-03-06,7
XLP,TRANSITION,206,2026-03-13,2026-03-20,2
XLP,LH/LL,207,2026-03-27,2026-04-17,4
XLRE,LH/LL,1,2015-11-27,2015-11-27,1
XLRE,TRANSITION,2,2015-12-04,2015-12-11,2
XLRE,HH/HL,3,2015-12-18,2016-01-29,7
XLRE,LH/LL,4,2016-02-05,2016-03-04,5
XLRE,TRANSITION,5,2016-03-11,2016-03-25,3
XLRE,HH/HL,6,2016-04-01,2016-04-15,3
XLRE,TRANSITION,7,2016-04-22,2016-05-13,4
XLRE,HH/HL,8,2016-05-20,2016-05-27,2
XLRE,TRANSITION,9,2016-06-03,2016-06-10,2
XLRE,LH/LL,10,2016-06-17,2016-06-17,1
XLRE,HH/HL,11,2016-06-24,2016-07-22,5
XLRE,TRANSITION,12,2016-07-29,2016-07-29,1
XLRE,LH/LL,13,2016-08-05,2016-09-30,9
XLRE,TRANSITION,14,2016-10-07,2016-10-14,2
XLRE,LH/LL,15,2016-10-21,2016-12-16,9
XLRE,TRANSITION,16,2016-12-23,2016-12-23,1
XLRE,HH/HL,17,2016-12-30,2017-01-20,4
XLRE,TRANSITION,18,2017-01-27,2017-01-27,1
XLRE,LH/LL,19,2017-02-03,2017-03-10,6
XLRE,TRANSITION,20,2017-03-17,2017-03-17,1
XLRE,LH/LL,21,2017-03-24,2017-03-31,2
XLRE,HH/HL,22,2017-04-07,2017-05-05,5
XLRE,LH/LL,23,2017-05-12,2017-06-02,4
XLRE,TRANSITION,24,2017-06-09,2017-06-09,1
XLRE,HH/HL,25,2017-06-16,2017-06-30,3
XLRE,TRANSITION,26,2017-07-07,2017-07-07,1
XLRE,LH/LL,27,2017-07-14,2017-07-28,3
XLRE,TRANSITION,28,2017-08-04,2017-08-04,1
XLRE,LH/LL,29,2017-08-11,2017-08-18,2
XLRE,TRANSITION,30,2017-08-25,2017-09-01,2
XLRE,HH/HL,31,2017-09-08,2017-09-15,2
XLRE,TRANSITION,32,2017-09-22,2017-09-29,2
XLRE,LH/LL,33,2017-10-06,2017-11-03,5
XLRE,TRANSITION,34,2017-11-10,2017-11-17,2
XLRE,HH/HL,35,2017-11-24,2017-12-01,2
XLRE,TRANSITION,36,2017-12-08,2017-12-15,2
XLRE,LH/LL,37,2017-12-22,2018-02-09,8
XLRE,TRANSITION,38,2018-02-16,2018-02-16,1
XLRE,LH/LL,39,2018-02-23,2018-02-23,1
XLRE,TRANSITION,40,2018-03-02,2018-03-02,1
XLRE,LH/LL,41,2018-03-09,2018-03-16,2
XLRE,TRANSITION,42,2018-03-23,2018-03-23,1
XLRE,HH/HL,43,2018-03-30,2018-04-27,5
XLRE,LH/LL,44,2018-05-04,2018-06-08,6
XLRE,TRANSITION,45,2018-06-15,2018-06-15,1
XLRE,HH/HL,46,2018-06-22,2018-07-27,6
XLRE,TRANSITION,47,2018-08-03,2018-08-03,1
XLRE,LH/LL,48,2018-08-10,2018-08-17,2
XLRE,TRANSITION,49,2018-08-24,2018-08-24,1
XLRE,HH/HL,50,2018-08-31,2018-09-07,2
XLRE,TRANSITION,51,2018-09-14,2018-09-14,1
XLRE,LH/LL,52,2018-09-21,2018-10-19,5
XLRE,TRANSITION,53,2018-10-26,2018-10-26,1
XLRE,HH/HL,54,2018-11-02,2019-01-04,10
XLRE,TRANSITION,55,2019-01-11,2019-01-11,1
XLRE,LH/LL,56,2019-01-18,2019-01-25,2
XLRE,TRANSITION,57,2019-02-01,2019-02-08,2
XLRE,HH/HL,58,2019-02-15,2019-03-01,3
XLRE,TRANSITION,59,2019-03-08,2019-03-08,1
XLRE,LH/LL,60,2019-03-15,2019-03-15,1
XLRE,TRANSITION,61,2019-03-22,2019-03-22,1
XLRE,HH/HL,62,2019-03-29,2019-04-12,3
XLRE,TRANSITION,63,2019-04-19,2019-04-19,1
XLRE,LH/LL,64,2019-04-26,2019-05-10,3
XLRE,TRANSITION,65,2019-05-17,2019-05-17,1
XLRE,HH/HL,66,2019-05-24,2019-06-21,5
XLRE,TRANSITION,67,2019-06-28,2019-06-28,1
XLRE,LH/LL,68,2019-07-05,2019-08-02,5
XLRE,TRANSITION,69,2019-08-09,2019-08-16,2
XLRE,HH/HL,70,2019-08-23,2019-09-13,4
XLRE,LH/LL,71,2019-09-20,2019-10-04,3
XLRE,TRANSITION,72,2019-10-11,2019-10-11,1
XLRE,HH/HL,73,2019-10-18,2019-11-01,3
XLRE,TRANSITION,74,2019-11-08,2019-11-08,1
XLRE,LH/LL,75,2019-11-15,2019-11-29,3
XLRE,TRANSITION,76,2019-12-06,2019-12-06,1
XLRE,LH/LL,77,2019-12-13,2020-01-03,4
XLRE,TRANSITION,78,2020-01-10,2020-01-17,2
XLRE,HH/HL,79,2020-01-24,2020-03-13,8
XLRE,TRANSITION,80,2020-03-20,2020-04-03,3
XLRE,LH/LL,81,2020-04-10,2020-04-10,1
XLRE,TRANSITION,82,2020-04-17,2020-04-17,1
XLRE,LH/LL,83,2020-04-24,2020-06-05,7
XLRE,TRANSITION,84,2020-06-12,2020-06-12,1
XLRE,HH/HL,85,2020-06-19,2020-07-03,3
XLRE,LH/LL,86,2020-07-10,2020-09-18,11
XLRE,TRANSITION,87,2020-09-25,2020-09-25,1
XLRE,HH/HL,88,2020-10-02,2020-10-09,2
XLRE,TRANSITION,89,2020-10-16,2020-10-23,2
XLRE,LH/LL,90,2020-10-30,2020-11-27,5
XLRE,TRANSITION,91,2020-12-04,2020-12-04,1
XLRE,LH/LL,92,2020-12-11,2021-01-22,7
XLRE,TRANSITION,93,2021-01-29,2021-01-29,1
XLRE,HH/HL,94,2021-02-05,2021-02-19,3
XLRE,TRANSITION,95,2021-02-26,2021-02-26,1
XLRE,LH/LL,96,2021-03-05,2021-03-19,3
XLRE,TRANSITION,97,2021-03-26,2021-03-26,1
XLRE,HH/HL,98,2021-04-02,2021-04-23,4
XLRE,TRANSITION,99,2021-04-30,2021-04-30,1
XLRE,HH/HL,100,2021-05-07,2021-07-02,9
XLRE,TRANSITION,101,2021-07-09,2021-07-09,1
XLRE,HH/HL,102,2021-07-16,2021-07-16,1
XLRE,TRANSITION,103,2021-07-23,2021-07-23,1
XLRE,HH/HL,104,2021-07-30,2021-08-06,2
XLRE,TRANSITION,105,2021-08-13,2021-08-20,2
XLRE,LH/LL,106,2021-08-27,2021-08-27,1
XLRE,TRANSITION,107,2021-09-03,2021-09-24,4
XLRE,LH/LL,108,2021-10-01,2021-10-29,5
XLRE,TRANSITION,109,2021-11-05,2021-11-05,1
XLRE,HH/HL,110,2021-11-12,2021-11-12,1
XLRE,TRANSITION,111,2021-11-19,2021-12-10,4
XLRE,HH/HL,112,2021-12-17,2022-01-14,5
XLRE,TRANSITION,113,2022-01-21,2022-01-21,1
XLRE,LH/LL,114,2022-01-28,2022-02-25,5
XLRE,TRANSITION,115,2022-03-04,2022-03-11,2
XLRE,HH/HL,116,2022-03-18,2022-04-08,4
XLRE,TRANSITION,117,2022-04-15,2022-04-15,1
XLRE,HH/HL,118,2022-04-22,2022-05-13,4
XLRE,LH/LL,119,2022-05-20,2022-06-24,6
XLRE,TRANSITION,120,2022-07-01,2022-07-01,1
XLRE,HH/HL,121,2022-07-08,2022-07-22,3
XLRE,TRANSITION,122,2022-07-29,2022-07-29,1
XLRE,LH/LL,123,2022-08-05,2022-11-11,15
XLRE,TRANSITION,124,2022-11-18,2022-11-18,1
XLRE,HH/HL,125,2022-11-25,2022-12-16,4
XLRE,TRANSITION,126,2022-12-23,2022-12-23,1
XLRE,HH/HL,127,2022-12-30,2023-02-17,8
XLRE,LH/LL,128,2023-02-24,2023-05-05,11
XLRE,TRANSITION,129,2023-05-12,2023-05-12,1
XLRE,LH/LL,130,2023-05-19,2023-06-30,7
XLRE,TRANSITION,131,2023-07-07,2023-07-14,2
XLRE,HH/HL,132,2023-07-21,2023-08-04,3
XLRE,TRANSITION,133,2023-08-11,2023-08-11,1
XLRE,LH/LL,134,2023-08-18,2023-11-03,12
XLRE,TRANSITION,135,2023-11-10,2023-11-10,1
XLRE,HH/HL,136,2023-11-17,2024-01-05,8
XLRE,TRANSITION,137,2024-01-12,2024-01-12,1
XLRE,LH/LL,138,2024-01-19,2024-03-15,9
XLRE,TRANSITION,139,2024-03-22,2024-03-29,2
XLRE,LH/LL,140,2024-04-05,2024-05-24,8
XLRE,TRANSITION,141,2024-05-31,2024-06-07,2
XLRE,LH/LL,142,2024-06-14,2024-07-12,5
XLRE,TRANSITION,143,2024-07-19,2024-07-26,2
XLRE,HH/HL,144,2024-08-02,2024-08-23,4
XLRE,TRANSITION,145,2024-08-30,2024-08-30,1
XLRE,HH/HL,146,2024-09-06,2024-09-27,4
XLRE,TRANSITION,147,2024-10-04,2024-10-04,1
XLRE,LH/LL,148,2024-10-11,2025-01-31,17
XLRE,HH/HL,149,2025-02-07,2025-04-18,11
XLRE,TRANSITION,150,2025-04-25,2025-04-25,1
XLRE,LH/LL,151,2025-05-02,2025-05-02,1
XLRE,TRANSITION,152,2025-05-09,2025-05-09,1
XLRE,LH/LL,153,2025-05-16,2025-08-08,13
XLRE,TRANSITION,154,2025-08-15,2025-08-15,1
XLRE,LH/LL,155,2025-08-22,2025-09-05,3
XLRE,TRANSITION,156,2025-09-12,2025-09-12,1
XLRE,LH/LL,157,2025-09-19,2025-11-21,10
XLRE,TRANSITION,158,2025-11-28,2025-11-28,1
XLRE,LH/LL,159,2025-12-05,2026-01-09,6
XLRE,TRANSITION,160,2026-01-16,2026-01-30,3
XLRE,HH/HL,161,2026-02-06,2026-03-20,7
XLRE,TRANSITION,162,2026-03-27,2026-03-27,1
XLRE,LH/LL,163,2026-04-03,2026-04-17,3
XLU,LH/LL,1,2010-02-26,2010-04-30,10
XLU,TRANSITION,2,2010-05-07,2010-05-07,1
XLU,HH/HL,3,2010-05-14,2010-08-13,14
XLU,TRANSITION,4,2010-08-20,2010-08-20,1
XLU,HH/HL,5,2010-08-27,2010-09-17,4
XLU,LH/LL,6,2010-09-24,2010-12-31,15
XLU,TRANSITION,7,2011-01-07,2011-01-07,1
XLU,LH/LL,8,2011-01-14,2011-03-11,9
XLU,HH/HL,9,2011-03-18,2011-04-01,3
XLU,TRANSITION,10,2011-04-08,2011-04-29,4
XLU,HH/HL,11,2011-05-06,2011-07-08,10
XLU,TRANSITION,12,2011-07-15,2011-07-15,1
XLU,LH/LL,13,2011-07-22,2011-07-29,2
XLU,HH/HL,14,2011-08-05,2011-09-09,6
XLU,TRANSITION,15,2011-09-16,2011-09-16,1
XLU,HH/HL,16,2011-09-23,2011-10-07,3
XLU,TRANSITION,17,2011-10-14,2011-10-21,2
XLU,LH/LL,18,2011-10-28,2011-11-18,4
XLU,TRANSITION,19,2011-11-25,2011-11-25,1
XLU,HH/HL,20,2011-12-02,2011-12-16,3
XLU,LH/LL,21,2011-12-23,2011-12-23,1
XLU,TRANSITION,22,2011-12-30,2012-01-20,4
XLU,LH/LL,23,2012-01-27,2012-04-13,12
XLU,TRANSITION,24,2012-04-20,2012-04-27,2
XLU,HH/HL,25,2012-05-04,2012-06-22,8
XLU,TRANSITION,26,2012-06-29,2012-07-20,4
XLU,HH/HL,27,2012-07-27,2012-07-27,1
XLU,TRANSITION,28,2012-08-03,2012-08-10,2
XLU,LH/LL,29,2012-08-17,2012-10-05,8
XLU,TRANSITION,30,2012-10-12,2012-10-12,1
XLU,HH/HL,31,2012-10-19,2012-11-09,4
XLU,LH/LL,32,2012-11-16,2012-12-14,5
XLU,TRANSITION,33,2012-12-21,2013-01-11,4
XLU,LH/LL,34,2013-01-18,2013-02-08,4
XLU,TRANSITION,35,2013-02-15,2013-02-15,1
XLU,HH/HL,36,2013-02-22,2013-05-03,11
XLU,TRANSITION,37,2013-05-10,2013-05-10,1
XLU,LH/LL,38,2013-05-17,2013-07-05,8
XLU,TRANSITION,39,2013-07-12,2013-07-19,2
XLU,LH/LL,40,2013-07-26,2013-07-26,1
XLU,TRANSITION,41,2013-08-02,2013-08-16,3
XLU,LH/LL,42,2013-08-23,2013-10-04,7
XLU,TRANSITION,43,2013-10-11,2013-10-18,2
XLU,HH/HL,44,2013-10-25,2013-11-01,2
XLU,LH/LL,45,2013-11-08,2014-01-17,11
XLU,TRANSITION,46,2014-01-24,2014-01-24,1
XLU,HH/HL,47,2014-01-31,2014-03-14,7
XLU,TRANSITION,48,2014-03-21,2014-03-28,2
XLU,HH/HL,49,2014-04-04,2014-05-16,7
XLU,LH/LL,50,2014-05-23,2014-06-20,5
XLU,TRANSITION,51,2014-06-27,2014-07-18,4
XLU,LH/LL,52,2014-07-25,2014-07-25,1
XLU,TRANSITION,53,2014-08-01,2014-08-15,3
XLU,LH/LL,54,2014-08-22,2014-08-29,2
XLU,TRANSITION,55,2014-09-05,2014-10-17,7
XLU,HH/HL,56,2014-10-24,2014-11-07,3
XLU,TRANSITION,57,2014-11-14,2014-11-21,2
XLU,LH/LL,58,2014-11-28,2014-12-05,2
XLU,HH/HL,59,2014-12-12,2015-01-30,8
XLU,TRANSITION,60,2015-02-06,2015-02-20,3
XLU,LH/LL,61,2015-02-27,2015-03-27,5
XLU,HH/HL,62,2015-04-03,2015-04-24,4
XLU,TRANSITION,63,2015-05-01,2015-05-01,1
XLU,LH/LL,64,2015-05-08,2015-07-17,11
XLU,HH/HL,65,2015-07-24,2015-09-11,8
XLU,TRANSITION,66,2015-09-18,2015-09-18,1
XLU,LH/LL,67,2015-09-25,2015-10-02,2
XLU,TRANSITION,68,2015-10-09,2015-10-09,1
XLU,HH/HL,69,2015-10-16,2015-10-23,2
XLU,TRANSITION,70,2015-10-30,2015-10-30,1
XLU,LH/LL,71,2015-11-06,2015-11-27,4
XLU,TRANSITION,72,2015-12-04,2015-12-11,2
XLU,HH/HL,73,2015-12-18,2016-02-26,11
XLU,TRANSITION,74,2016-03-04,2016-03-18,3
XLU,LH/LL,75,2016-03-25,2016-03-25,1
XLU,TRANSITION,76,2016-04-01,2016-04-01,1
XLU,HH/HL,77,2016-04-08,2016-04-15,2
XLU,LH/LL,78,2016-04-22,2016-05-06,3
XLU,TRANSITION,79,2016-05-13,2016-05-13,1
XLU,HH/HL,80,2016-05-20,2016-06-03,3
XLU,TRANSITION,81,2016-06-10,2016-06-17,2
XLU,HH/HL,82,2016-06-24,2016-07-22,5
XLU,TRANSITION,83,2016-07-29,2016-07-29,1
XLU,LH/LL,84,2016-08-05,2016-09-16,7
XLU,HH/HL,85,2016-09-23,2016-09-30,2
XLU,TRANSITION,86,2016-10-07,2016-10-14,2
XLU,LH/LL,87,2016-10-21,2016-10-28,2
XLU,TRANSITION,88,2016-11-04,2016-11-04,1
XLU,LH/LL,89,2016-11-11,2016-11-11,1
XLU,TRANSITION,90,2016-11-18,2016-11-25,2
XLU,LH/LL,91,2016-12-02,2016-12-23,4
XLU,TRANSITION,92,2016-12-30,2016-12-30,1
XLU,HH/HL,93,2017-01-06,2017-01-20,3
XLU,TRANSITION,94,2017-01-27,2017-01-27,1
XLU,LH/LL,95,2017-02-03,2017-02-17,3
XLU,TRANSITION,96,2017-02-24,2017-03-10,3
XLU,HH/HL,97,2017-03-17,2017-04-28,7
XLU,TRANSITION,98,2017-05-05,2017-05-05,1
XLU,LH/LL,99,2017-05-12,2017-05-26,3
XLU,HH/HL,100,2017-06-02,2017-06-23,4
XLU,TRANSITION,101,2017-06-30,2017-07-07,2
XLU,LH/LL,102,2017-07-14,2017-08-04,4
XLU,HH/HL,103,2017-08-11,2017-09-15,6
XLU,LH/LL,104,2017-09-22,2017-10-27,6
XLU,TRANSITION,105,2017-11-03,2017-11-03,1
XLU,HH/HL,106,2017-11-10,2017-12-01,4
XLU,TRANSITION,107,2017-12-08,2017-12-08,1
XLU,LH/LL,108,2017-12-15,2018-02-16,10
XLU,TRANSITION,109,2018-02-23,2018-02-23,1
XLU,HH/HL,110,2018-03-02,2018-03-02,1
XLU,LH/LL,111,2018-03-09,2018-03-16,2
XLU,TRANSITION,112,2018-03-23,2018-03-30,2
XLU,HH/HL,113,2018-04-06,2018-04-27,4
XLU,TRANSITION,114,2018-05-04,2018-05-04,1
XLU,LH/LL,115,2018-05-11,2018-06-22,7
XLU,TRANSITION,116,2018-06-29,2018-06-29,1
XLU,HH/HL,117,2018-07-06,2018-07-27,4
XLU,TRANSITION,118,2018-08-03,2018-08-17,3
XLU,LH/LL,119,2018-08-24,2018-08-24,1
XLU,TRANSITION,120,2018-08-31,2018-09-07,2
XLU,LH/LL,121,2018-09-14,2018-10-05,4
XLU,TRANSITION,122,2018-10-12,2018-10-19,2
XLU,HH/HL,123,2018-10-26,2019-01-11,12
XLU,LH/LL,124,2019-01-18,2019-02-08,4
XLU,TRANSITION,125,2019-02-15,2019-02-22,2
XLU,HH/HL,126,2019-03-01,2019-04-05,6
XLU,TRANSITION,127,2019-04-12,2019-04-12,1
XLU,LH/LL,128,2019-04-19,2019-05-10,4
XLU,TRANSITION,129,2019-05-17,2019-05-17,1
XLU,HH/HL,130,2019-05-24,2019-06-21,5
XLU,TRANSITION,131,2019-06-28,2019-06-28,1
XLU,LH/LL,132,2019-07-05,2019-08-02,5
XLU,TRANSITION,133,2019-08-09,2019-08-16,2
XLU,HH/HL,134,2019-08-23,2019-09-13,4
XLU,TRANSITION,135,2019-09-20,2019-09-20,1
XLU,HH/HL,136,2019-09-27,2019-09-27,1
XLU,TRANSITION,137,2019-10-04,2019-10-04,1
XLU,HH/HL,138,2019-10-11,2019-10-25,3
XLU,TRANSITION,139,2019-11-01,2019-11-01,1
XLU,LH/LL,140,2019-11-08,2019-11-29,4
XLU,TRANSITION,141,2019-12-06,2019-12-06,1
XLU,LH/LL,142,2019-12-13,2020-01-17,6
XLU,TRANSITION,143,2020-01-24,2020-01-31,2
XLU,HH/HL,144,2020-02-07,2020-02-21,3
XLU,TRANSITION,145,2020-02-28,2020-02-28,1
XLU,HH/HL,146,2020-03-06,2020-03-27,4
XLU,LH/LL,147,2020-04-03,2020-04-10,2
XLU,TRANSITION,148,2020-04-17,2020-04-17,1
XLU,LH/LL,149,2020-04-24,2020-07-31,15
XLU,HH/HL,150,2020-08-07,2020-08-07,1
XLU,TRANSITION,151,2020-08-14,2020-08-14,1
XLU,LH/LL,152,2020-08-21,2020-09-18,5
XLU,TRANSITION,153,2020-09-25,2020-09-25,1
XLU,HH/HL,154,2020-10-02,2020-11-13,7
XLU,TRANSITION,155,2020-11-20,2020-11-20,1
XLU,LH/LL,156,2020-11-27,2021-01-29,10
XLU,HH/HL,157,2021-02-05,2021-02-05,1
XLU,TRANSITION,158,2021-02-12,2021-02-19,2
XLU,LH/LL,159,2021-02-26,2021-03-19,4
XLU,TRANSITION,160,2021-03-26,2021-03-26,1
XLU,HH/HL,161,2021-04-02,2021-04-23,4
XLU,TRANSITION,162,2021-04-30,2021-05-07,2
XLU,LH/LL,163,2021-05-14,2021-07-23,11
XLU,TRANSITION,164,2021-07-30,2021-07-30,1
XLU,HH/HL,165,2021-08-06,2021-09-10,6
XLU,LH/LL,166,2021-09-17,2021-10-15,5
XLU,TRANSITION,167,2021-10-22,2021-10-22,1
XLU,LH/LL,168,2021-10-29,2021-11-05,2
XLU,TRANSITION,169,2021-11-12,2021-11-12,1
XLU,LH/LL,170,2021-11-19,2021-11-26,2
XLU,TRANSITION,171,2021-12-03,2021-12-03,1
XLU,HH/HL,172,2021-12-10,2022-02-11,10
XLU,TRANSITION,173,2022-02-18,2022-02-25,2
XLU,HH/HL,174,2022-03-04,2022-06-10,15
XLU,TRANSITION,175,2022-06-17,2022-07-08,4
XLU,HH/HL,176,2022-07-15,2022-07-15,1
XLU,TRANSITION,177,2022-07-22,2022-07-22,1
XLU,LH/LL,178,2022-07-29,2022-08-12,3
XLU,TRANSITION,179,2022-08-19,2022-08-19,1
XLU,HH/HL,180,2022-08-26,2022-09-30,6
XLU,TRANSITION,181,2022-10-07,2022-10-14,2
XLU,LH/LL,182,2022-10-21,2022-11-11,4
XLU,TRANSITION,183,2022-11-18,2022-11-18,1
XLU,HH/HL,184,2022-11-25,2022-11-25,1
XLU,TRANSITION,185,2022-12-02,2022-12-02,1
XLU,HH/HL,186,2022-12-09,2023-01-13,6
XLU,TRANSITION,187,2023-01-20,2023-01-20,1
XLU,LH/LL,188,2023-01-27,2023-03-10,7
XLU,TRANSITION,189,2023-03-17,2023-03-24,2
XLU,HH/HL,190,2023-03-31,2023-04-28,5
XLU,TRANSITION,191,2023-05-05,2023-05-12,2
XLU,LH/LL,192,2023-05-19,2023-08-04,12
XLU,TRANSITION,193,2023-08-11,2023-08-11,1
XLU,LH/LL,194,2023-08-18,2023-09-15,5
XLU,TRANSITION,195,2023-09-22,2023-10-13,4
XLU,LH/LL,196,2023-10-20,2023-10-27,2
XLU,TRANSITION,197,2023-11-03,2023-11-10,2
XLU,HH/HL,198,2023-11-17,2023-11-17,1
XLU,TRANSITION,199,2023-11-24,2023-11-24,1
XLU,LH/LL,200,2023-12-01,2023-12-01,1
XLU,TRANSITION,201,2023-12-08,2023-12-08,1
XLU,LH/LL,202,2023-12-15,2023-12-29,3
XLU,TRANSITION,203,2024-01-05,2024-01-26,4
XLU,LH/LL,204,2024-02-02,2024-03-01,5
XLU,TRANSITION,205,2024-03-08,2024-03-15,2
XLU,HH/HL,206,2024-03-22,2024-06-07,12
XLU,TRANSITION,207,2024-06-14,2024-06-21,2
XLU,LH/LL,208,2024-06-28,2024-07-19,4
XLU,TRANSITION,209,2024-07-26,2024-07-26,1
XLU,HH/HL,210,2024-08-02,2024-08-23,4
XLU,TRANSITION,211,2024-08-30,2024-08-30,1
XLU,HH/HL,212,2024-09-06,2024-10-18,7
XLU,TRANSITION,213,2024-10-25,2024-10-25,1
XLU,LH/LL,214,2024-11-01,2024-12-13,7
XLU,TRANSITION,215,2024-12-20,2024-12-20,1
XLU,LH/LL,216,2024-12-27,2025-01-17,4
XLU,HH/HL,217,2025-01-24,2025-02-07,3
XLU,TRANSITION,218,2025-02-14,2025-02-21,2
XLU,HH/HL,219,2025-02-28,2025-05-09,11
XLU,LH/LL,220,2025-05-16,2025-07-25,11
XLU,HH/HL,221,2025-08-01,2025-08-22,4
XLU,LH/LL,222,2025-08-29,2025-09-26,5
XLU,TRANSITION,223,2025-10-03,2025-10-10,2
XLU,HH/HL,224,2025-10-17,2025-10-31,3
XLU,TRANSITION,225,2025-11-07,2025-11-07,1
XLU,LH/LL,226,2025-11-14,2025-11-21,2
XLU,TRANSITION,227,2025-11-28,2025-11-28,1
XLU,LH/LL,228,2025-12-05,2026-01-16,7
XLU,TRANSITION,229,2026-01-23,2026-01-23,1
XLU,LH/LL,230,2026-01-30,2026-01-30,1
XLU,TRANSITION,231,2026-02-06,2026-02-06,1
XLU,HH/HL,232,2026-02-13,2026-04-10,9
XLU,TRANSITION,233,2026-04-17,2026-04-17,1
XLV,TRANSITION,1,2010-02-26,2010-02-26,1
XLV,LH/LL,2,2010-03-05,2010-05-14,11
XLV,TRANSITION,3,2010-05-21,2010-06-18,5
XLV,HH/HL,4,2010-06-25,2010-07-16,4
XLV,TRANSITION,5,2010-07-23,2010-07-23,1
XLV,LH/LL,6,2010-07-30,2010-08-13,3
XLV,TRANSITION,7,2010-08-20,2010-09-17,5
XLV,LH/LL,8,2010-09-24,2010-09-24,1
XLV,TRANSITION,9,2010-10-01,2010-10-22,4
XLV,LH/LL,10,2010-10-29,2011-03-04,19
XLV,TRANSITION,11,2011-03-11,2011-03-11,1
XLV,HH/HL,12,2011-03-18,2011-07-01,16
XLV,TRANSITION,13,2011-07-08,2011-07-08,1
XLV,LH/LL,14,2011-07-15,2011-08-12,5
XLV,TRANSITION,15,2011-08-19,2011-08-19,1
XLV,HH/HL,16,2011-08-26,2011-09-30,6
XLV,TRANSITION,17,2011-10-07,2011-10-21,3
XLV,LH/LL,18,2011-10-28,2011-11-25,5
XLV,HH/HL,19,2011-12-02,2011-12-23,4
XLV,TRANSITION,20,2011-12-30,2011-12-30,1
XLV,HH/HL,21,2012-01-06,2012-01-20,3
XLV,TRANSITION,22,2012-01-27,2012-01-27,1
XLV,LH/LL,23,2012-02-03,2012-03-23,8
XLV,TRANSITION,24,2012-03-30,2012-04-13,3
XLV,HH/HL,25,2012-04-20,2012-06-08,8
XLV,TRANSITION,26,2012-06-15,2012-06-15,1
XLV,HH/HL,27,2012-06-22,2012-07-27,6
XLV,TRANSITION,28,2012-08-03,2012-08-03,1
XLV,LH/LL,29,2012-08-10,2012-09-21,7
XLV,TRANSITION,30,2012-09-28,2012-10-05,2
XLV,HH/HL,31,2012-10-12,2012-11-30,8
XLV,TRANSITION,32,2012-12-07,2012-12-07,1
XLV,LH/LL,33,2012-12-14,2013-01-25,7
XLV,HH/HL,34,2013-02-01,2013-05-10,15
XLV,TRANSITION,35,2013-05-17,2013-05-17,1
XLV,LH/LL,36,2013-05-24,2013-06-07,3
XLV,TRANSITION,37,2013-06-14,2013-06-14,1
XLV,HH/HL,38,2013-06-21,2013-08-16,9
XLV,TRANSITION,39,2013-08-23,2013-08-30,2
XLV,LH/LL,40,2013-09-06,2013-09-06,1
XLV,HH/HL,41,2013-09-13,2013-10-11,5
XLV,TRANSITION,42,2013-10-18,2013-10-25,2
XLV,LH/LL,43,2013-11-01,2013-11-15,3
XLV,HH/HL,44,2013-11-22,2013-12-13,4
XLV,TRANSITION,45,2013-12-20,2013-12-27,2
XLV,LH/LL,46,2014-01-03,2014-01-03,1
XLV,TRANSITION,47,2014-01-10,2014-01-17,2
XLV,HH/HL,48,2014-01-24,2014-03-14,8
XLV,LH/LL,49,2014-03-21,2014-05-09,8
XLV,TRANSITION,50,2014-05-16,2014-05-23,2
XLV,HH/HL,51,2014-05-30,2014-06-20,4
XLV,TRANSITION,52,2014-06-27,2014-07-04,2
XLV,HH/HL,53,2014-07-11,2015-01-09,27
XLV,TRANSITION,54,2015-01-16,2015-01-16,1
XLV,HH/HL,55,2015-01-23,2015-02-06,3
XLV,TRANSITION,56,2015-02-13,2015-02-20,2
XLV,LH/LL,57,2015-02-27,2015-03-06,2
XLV,HH/HL,58,2015-03-13,2015-04-10,5
XLV,TRANSITION,59,2015-04-17,2015-04-24,2
XLV,LH/LL,60,2015-05-01,2015-05-22,4
XLV,HH/HL,61,2015-05-29,2015-08-07,11
XLV,TRANSITION,62,2015-08-14,2015-08-14,1
XLV,HH/HL,63,2015-08-21,2015-08-21,1
XLV,TRANSITION,64,2015-08-28,2015-08-28,1
XLV,LH/LL,65,2015-09-04,2015-11-13,11
XLV,TRANSITION,66,2015-11-20,2015-11-20,1
XLV,HH/HL,67,2015-11-27,2016-01-22,9
XLV,TRANSITION,68,2016-01-29,2016-02-12,3
XLV,LH/LL,69,2016-02-19,2016-03-11,4
XLV,TRANSITION,70,2016-03-18,2016-03-18,1
XLV,LH/LL,71,2016-03-25,2016-04-08,3
XLV,TRANSITION,72,2016-04-15,2016-04-15,1
XLV,HH/HL,73,2016-04-22,2016-05-13,4
XLV,TRANSITION,74,2016-05-20,2016-05-20,1
XLV,LH/LL,75,2016-05-27,2016-05-27,1
XLV,TRANSITION,76,2016-06-03,2016-06-10,2
XLV,HH/HL,77,2016-06-17,2016-06-24,2
XLV,TRANSITION,78,2016-07-01,2016-07-01,1
XLV,HH/HL,79,2016-07-08,2016-07-29,4
XLV,TRANSITION,80,2016-08-05,2016-08-12,2
XLV,LH/LL,81,2016-08-19,2016-09-23,6
XLV,TRANSITION,82,2016-09-30,2016-10-14,3
XLV,LH/LL,83,2016-10-21,2016-12-30,11
XLV,TRANSITION,84,2017-01-06,2017-01-13,2
XLV,HH/HL,85,2017-01-20,2017-01-27,2
XLV,TRANSITION,86,2017-02-03,2017-02-03,1
XLV,LH/LL,87,2017-02-10,2017-02-10,1
XLV,TRANSITION,88,2017-02-17,2017-02-17,1
XLV,HH/HL,89,2017-02-24,2017-03-31,6
XLV,TRANSITION,90,2017-04-07,2017-04-07,1
XLV,LH/LL,91,2017-04-14,2017-04-28,3
XLV,TRANSITION,92,2017-05-05,2017-05-05,1
XLV,LH/LL,93,2017-05-12,2017-05-12,1
XLV,TRANSITION,94,2017-05-19,2017-05-19,1
XLV,LH/LL,95,2017-05-26,2017-06-02,2
XLV,TRANSITION,96,2017-06-09,2017-06-16,2
XLV,HH/HL,97,2017-06-23,2017-07-14,4
XLV,TRANSITION,98,2017-07-21,2017-08-04,3
XLV,LH/LL,99,2017-08-11,2017-08-25,3
XLV,TRANSITION,100,2017-09-01,2017-09-01,1
XLV,HH/HL,101,2017-09-08,2017-09-29,4
XLV,TRANSITION,102,2017-10-06,2017-10-13,2
XLV,LH/LL,103,2017-10-20,2018-01-12,13
XLV,TRANSITION,104,2018-01-19,2018-01-19,1
XLV,HH/HL,105,2018-01-26,2018-02-16,4
XLV,LH/LL,106,2018-02-23,2018-04-20,9
XLV,TRANSITION,107,2018-04-27,2018-05-18,4
XLV,LH/LL,108,2018-05-25,2018-06-01,2
XLV,TRANSITION,109,2018-06-08,2018-06-15,2
XLV,HH/HL,110,2018-06-22,2018-12-21,27
XLV,TRANSITION,111,2018-12-28,2019-01-04,2
XLV,LH/LL,112,2019-01-11,2019-05-10,18
XLV,TRANSITION,113,2019-05-17,2019-05-24,2
XLV,HH/HL,114,2019-05-31,2019-07-05,6
XLV,TRANSITION,115,2019-07-12,2019-07-12,1
XLV,LH/LL,116,2019-07-19,2019-08-16,5
XLV,TRANSITION,117,2019-08-23,2019-08-23,1
XLV,HH/HL,118,2019-08-30,2019-09-06,2
XLV,LH/LL,119,2019-09-13,2019-10-18,6
XLV,TRANSITION,120,2019-10-25,2019-10-25,1
XLV,HH/HL,121,2019-11-01,2020-01-03,10
XLV,TRANSITION,122,2020-01-10,2020-01-10,1
XLV,LH/LL,123,2020-01-17,2020-02-28,7
XLV,TRANSITION,124,2020-03-06,2020-03-06,1
XLV,HH/HL,125,2020-03-13,2020-05-15,10
XLV,LH/LL,126,2020-05-22,2020-07-17,9
XLV,TRANSITION,127,2020-07-24,2020-07-31,2
XLV,HH/HL,128,2020-08-07,2020-08-07,1
XLV,LH/LL,129,2020-08-14,2020-09-18,6
XLV,TRANSITION,130,2020-09-25,2020-09-25,1
XLV,HH/HL,131,2020-10-02,2020-10-09,2
XLV,TRANSITION,132,2020-10-16,2020-10-23,2
XLV,LH/LL,133,2020-10-30,2020-11-06,2
XLV,HH/HL,134,2020-11-13,2020-11-13,1
XLV,TRANSITION,135,2020-11-20,2020-11-27,2
XLV,LH/LL,136,2020-12-04,2020-12-18,3
XLV,TRANSITION,137,2020-12-25,2021-01-01,2
XLV,HH/HL,138,2021-01-08,2021-01-29,4
XLV,TRANSITION,139,2021-02-05,2021-02-05,1
XLV,LH/LL,140,2021-02-12,2021-04-16,10
XLV,TRANSITION,141,2021-04-23,2021-04-30,2
XLV,HH/HL,142,2021-05-07,2021-05-28,4
XLV,TRANSITION,143,2021-06-04,2021-06-11,2
XLV,LH/LL,144,2021-06-18,2021-06-25,2
XLV,TRANSITION,145,2021-07-02,2021-07-09,2
XLV,HH/HL,146,2021-07-16,2021-09-10,9
XLV,LH/LL,147,2021-09-17,2021-11-26,11
XLV,TRANSITION,148,2021-12-03,2021-12-10,2
XLV,HH/HL,149,2021-12-17,2022-01-07,4
XLV,TRANSITION,150,2022-01-14,2022-02-18,6
XLV,HH/HL,151,2022-02-25,2022-03-04,2
XLV,TRANSITION,152,2022-03-11,2022-03-11,1
XLV,HH/HL,153,2022-03-18,2022-04-29,7
XLV,TRANSITION,154,2022-05-06,2022-05-06,1
XLV,HH/HL,155,2022-05-13,2022-06-10,5
XLV,TRANSITION,156,2022-06-17,2022-06-24,2
XLV,HH/HL,157,2022-07-01,2022-07-22,4
XLV,LH/LL,158,2022-07-29,2022-09-02,6
XLV,TRANSITION,159,2022-09-09,2022-09-09,1
XLV,HH/HL,160,2022-09-16,2022-11-11,9
XLV,TRANSITION,161,2022-11-18,2022-11-25,2
XLV,LH/LL,162,2022-12-02,2022-12-02,1
XLV,HH/HL,163,2022-12-09,2023-01-06,5
XLV,TRANSITION,164,2023-01-13,2023-01-13,1
XLV,LH/LL,165,2023-01-20,2023-03-31,11
XLV,TRANSITION,166,2023-04-07,2023-04-21,3
XLV,HH/HL,167,2023-04-28,2023-04-28,1
XLV,TRANSITION,168,2023-05-05,2023-05-12,2
XLV,LH/LL,169,2023-05-19,2023-07-07,8
XLV,TRANSITION,170,2023-07-14,2023-07-14,1
XLV,LH/LL,171,2023-07-21,2023-08-04,3
XLV,TRANSITION,172,2023-08-11,2023-08-11,1
XLV,HH/HL,173,2023-08-18,2023-09-08,4
XLV,TRANSITION,174,2023-09-15,2023-09-15,1
XLV,LH/LL,175,2023-09-22,2023-09-22,1
XLV,TRANSITION,176,2023-09-29,2023-10-13,3
XLV,HH/HL,177,2023-10-20,2023-10-27,2
XLV,TRANSITION,178,2023-11-03,2023-11-10,2
XLV,LH/LL,179,2023-11-17,2023-12-08,4
XLV,TRANSITION,180,2023-12-15,2023-12-29,3
XLV,HH/HL,181,2024-01-05,2024-01-26,4
XLV,TRANSITION,182,2024-02-02,2024-02-09,2
XLV,LH/LL,183,2024-02-16,2024-02-16,1
XLV,TRANSITION,184,2024-02-23,2024-02-23,1
XLV,LH/LL,185,2024-03-01,2024-03-01,1
XLV,TRANSITION,186,2024-03-08,2024-03-08,1
XLV,LH/LL,187,2024-03-15,2024-05-03,8
XLV,TRANSITION,188,2024-05-10,2024-05-31,4
XLV,LH/LL,189,2024-06-07,2024-07-19,7
XLV,TRANSITION,190,2024-07-26,2024-07-26,1
XLV,HH/HL,191,2024-08-02,2024-08-23,4
XLV,TRANSITION,192,2024-08-30,2024-08-30,1
XLV,HH/HL,193,2024-09-06,2024-09-13,2
XLV,TRANSITION,194,2024-09-20,2024-09-27,2
XLV,LH/LL,195,2024-10-04,2025-01-10,15
XLV,TRANSITION,196,2025-01-17,2025-01-17,1
XLV,HH/HL,197,2025-01-24,2025-04-18,13
XLV,TRANSITION,198,2025-04-25,2025-04-25,1
XLV,LH/LL,199,2025-05-02,2025-06-06,6
XLV,TRANSITION,200,2025-06-13,2025-06-13,1
XLV,LH/LL,201,2025-06-20,2025-06-27,2
XLV,TRANSITION,202,2025-07-04,2025-07-04,1
XLV,LH/LL,203,2025-07-11,2025-08-29,8
XLV,TRANSITION,204,2025-09-05,2025-10-17,7
XLV,HH/HL,205,2025-10-24,2025-11-14,4
XLV,TRANSITION,206,2025-11-21,2025-11-21,1
XLV,HH/HL,207,2025-11-28,2025-12-12,3
XLV,TRANSITION,208,2025-12-19,2026-01-16,5
XLV,HH/HL,209,2026-01-23,2026-01-23,1
XLV,TRANSITION,210,2026-01-30,2026-02-20,4
XLV,HH/HL,211,2026-02-27,2026-03-13,3
XLV,TRANSITION,212,2026-03-20,2026-03-20,1
XLV,LH/LL,213,2026-03-27,2026-04-17,4
XLY,HH/HL,1,2010-02-26,2010-06-18,17
XLY,LH/LL,2,2010-06-25,2010-08-06,7
XLY,HH/HL,3,2010-08-13,2010-12-17,19
XLY,TRANSITION,4,2010-12-24,2010-12-24,1
XLY,LH/LL,5,2010-12-31,2011-02-18,8
XLY,HH/HL,6,2011-02-25,2011-03-25,5
XLY,TRANSITION,7,2011-04-01,2011-04-01,1
XLY,LH/LL,8,2011-04-08,2011-04-29,4
XLY,HH/HL,9,2011-05-06,2011-06-03,5
XLY,LH/LL,10,2011-06-10,2011-06-17,2
XLY,TRANSITION,11,2011-06-24,2011-07-01,2
XLY,HH/HL,12,2011-07-08,2011-07-29,4
XLY,TRANSITION,13,2011-08-05,2011-08-05,1
XLY,LH/LL,14,2011-08-12,2011-09-09,5
XLY,HH/HL,15,2011-09-16,2011-11-11,9
XLY,TRANSITION,16,2011-11-18,2011-12-09,4
XLY,HH/HL,17,2011-12-16,2011-12-16,1
XLY,TRANSITION,18,2011-12-23,2011-12-23,1
XLY,LH/LL,19,2011-12-30,2011-12-30,1
XLY,TRANSITION,20,2012-01-06,2012-01-13,2
XLY,HH/HL,21,2012-01-20,2012-03-09,8
XLY,TRANSITION,22,2012-03-16,2012-03-16,1
XLY,HH/HL,23,2012-03-23,2012-05-25,10
XLY,TRANSITION,24,2012-06-01,2012-06-08,2
XLY,LH/LL,25,2012-06-15,2012-08-24,11
XLY,TRANSITION,26,2012-08-31,2012-08-31,1
XLY,HH/HL,27,2012-09-07,2012-10-12,6
XLY,TRANSITION,28,2012-10-19,2012-10-19,1
XLY,LH/LL,29,2012-10-26,2012-10-26,1
XLY,TRANSITION,30,2012-11-02,2012-11-02,1
XLY,HH/HL,31,2012-11-09,2012-12-21,7
XLY,TRANSITION,32,2012-12-28,2012-12-28,1
XLY,LH/LL,33,2013-01-04,2013-01-04,1
XLY,TRANSITION,34,2013-01-11,2013-01-11,1
XLY,HH/HL,35,2013-01-18,2013-02-15,5
XLY,LH/LL,36,2013-02-22,2013-03-15,4
XLY,HH/HL,37,2013-03-22,2013-03-29,2
XLY,TRANSITION,38,2013-04-05,2013-04-05,1
XLY,HH/HL,39,2013-04-12,2013-05-31,8
XLY,TRANSITION,40,2013-06-07,2013-06-14,2
XLY,LH/LL,41,2013-06-21,2013-06-21,1
XLY,HH/HL,42,2013-06-28,2013-08-02,6
XLY,TRANSITION,43,2013-08-09,2013-08-09,1
XLY,LH/LL,44,2013-08-16,2013-09-06,4
XLY,HH/HL,45,2013-09-13,2013-10-25,7
XLY,LH/LL,46,2013-11-01,2013-11-08,2
XLY,TRANSITION,47,2013-11-15,2013-11-22,2
XLY,HH/HL,48,2013-11-29,2013-12-20,4
XLY,TRANSITION,49,2013-12-27,2014-01-10,3
XLY,LH/LL,50,2014-01-17,2014-01-17,1
XLY,TRANSITION,51,2014-01-24,2014-01-24,1
XLY,LH/LL,52,2014-01-31,2014-02-21,4
XLY,TRANSITION,53,2014-02-28,2014-02-28,1
XLY,HH/HL,54,2014-03-07,2014-03-14,2
XLY,TRANSITION,55,2014-03-21,2014-03-21,1
XLY,LH/LL,56,2014-03-28,2014-05-30,10
XLY,TRANSITION,57,2014-06-06,2014-07-11,6
XLY,HH/HL,58,2014-07-18,2014-07-25,2
XLY,TRANSITION,59,2014-08-01,2014-08-08,2
XLY,LH/LL,60,2014-08-15,2014-08-15,1
XLY,HH/HL,61,2014-08-22,2014-09-12,4
XLY,LH/LL,62,2014-09-19,2014-11-21,10
XLY,TRANSITION,63,2014-11-28,2014-11-28,1
XLY,HH/HL,64,2014-12-05,2015-01-02,5
XLY,TRANSITION,65,2015-01-09,2015-01-23,3
XLY,HH/HL,66,2015-01-30,2015-04-17,12
XLY,TRANSITION,67,2015-04-24,2015-05-15,4
XLY,LH/LL,68,2015-05-22,2015-06-05,3
XLY,TRANSITION,69,2015-06-12,2015-06-12,1
XLY,HH/HL,70,2015-06-19,2015-08-21,10
XLY,TRANSITION,71,2015-08-28,2015-08-28,1
XLY,HH/HL,72,2015-09-04,2015-10-16,7
XLY,TRANSITION,73,2015-10-23,2015-11-13,4
XLY,HH/HL,74,2015-11-20,2015-11-20,1
XLY,TRANSITION,75,2015-11-27,2015-12-18,4
XLY,LH/LL,76,2015-12-25,2016-02-05,7
XLY,TRANSITION,77,2016-02-12,2016-02-12,1
XLY,LH/LL,78,2016-02-19,2016-02-26,2
XLY,TRANSITION,79,2016-03-04,2016-03-11,2
XLY,HH/HL,80,2016-03-18,2016-03-18,1
XLY,TRANSITION,81,2016-03-25,2016-04-08,3
XLY,LH/LL,82,2016-04-15,2016-04-15,1
XLY,TRANSITION,83,2016-04-22,2016-04-22,1
XLY,LH/LL,84,2016-04-29,2016-04-29,1
XLY,TRANSITION,85,2016-05-06,2016-05-27,4
XLY,LH/LL,86,2016-06-03,2016-07-01,5
XLY,HH/HL,87,2016-07-08,2016-07-29,4
XLY,LH/LL,88,2016-08-05,2016-10-07,10
XLY,TRANSITION,89,2016-10-14,2016-10-14,1
XLY,HH/HL,90,2016-10-21,2016-10-21,1
XLY,TRANSITION,91,2016-10-28,2016-11-11,3
XLY,LH/LL,92,2016-11-18,2016-11-18,1
XLY,HH/HL,93,2016-11-25,2016-12-16,4
XLY,LH/LL,94,2016-12-23,2017-01-20,5
XLY,TRANSITION,95,2017-01-27,2017-01-27,1
XLY,HH/HL,96,2017-02-03,2017-02-17,3
XLY,TRANSITION,97,2017-02-24,2017-02-24,1
XLY,LH/LL,98,2017-03-03,2017-03-24,4
XLY,HH/HL,99,2017-03-31,2017-05-19,8
XLY,TRANSITION,100,2017-05-26,2017-06-02,2
XLY,LH/LL,101,2017-06-09,2017-06-16,2
XLY,TRANSITION,102,2017-06-23,2017-06-23,1
XLY,LH/LL,103,2017-06-30,2017-08-04,6
XLY,TRANSITION,104,2017-08-11,2017-08-11,1
XLY,LH/LL,105,2017-08-18,2017-11-10,13
XLY,TRANSITION,106,2017-11-17,2017-11-24,2
XLY,HH/HL,107,2017-12-01,2018-03-02,14
XLY,TRANSITION,108,2018-03-09,2018-03-30,4
XLY,HH/HL,109,2018-04-06,2018-04-13,2
XLY,TRANSITION,110,2018-04-20,2018-04-20,1
XLY,HH/HL,111,2018-04-27,2018-04-27,1
XLY,TRANSITION,112,2018-05-04,2018-05-04,1
XLY,HH/HL,113,2018-05-11,2018-05-25,3
XLY,TRANSITION,114,2018-06-01,2018-06-01,1
XLY,HH/HL,115,2018-06-08,2018-07-13,6
XLY,TRANSITION,116,2018-07-20,2018-07-27,2
XLY,LH/LL,117,2018-08-03,2018-08-24,4
XLY,HH/HL,118,2018-08-31,2018-09-21,4
XLY,TRANSITION,119,2018-09-28,2018-09-28,1
XLY,LH/LL,120,2018-10-05,2018-11-09,6
XLY,TRANSITION,121,2018-11-16,2018-11-16,1
XLY,HH/HL,122,2018-11-23,2018-11-23,1
XLY,TRANSITION,123,2018-11-30,2018-12-07,2
XLY,LH/LL,124,2018-12-14,2018-12-14,1
XLY,TRANSITION,125,2018-12-21,2018-12-28,2
XLY,HH/HL,126,2019-01-04,2019-02-01,5
XLY,TRANSITION,127,2019-02-08,2019-02-15,2
XLY,LH/LL,128,2019-02-22,2019-03-15,4
XLY,TRANSITION,129,2019-03-22,2019-04-05,3
XLY,HH/HL,130,2019-04-12,2019-05-17,6
XLY,LH/LL,131,2019-05-24,2019-06-14,4
XLY,HH/HL,132,2019-06-21,2019-07-26,6
XLY,TRANSITION,133,2019-08-02,2019-08-02,1
XLY,LH/LL,134,2019-08-09,2019-08-30,4
XLY,TRANSITION,135,2019-09-06,2019-09-06,1
XLY,HH/HL,136,2019-09-13,2019-09-27,3
XLY,TRANSITION,137,2019-10-04,2019-10-04,1
XLY,LH/LL,138,2019-10-11,2019-10-11,1
XLY,TRANSITION,139,2019-10-18,2019-10-18,1
XLY,LH/LL,140,2019-10-25,2019-11-01,2
XLY,TRANSITION,141,2019-11-08,2019-11-08,1
XLY,LH/LL,142,2019-11-15,2019-12-27,7
XLY,HH/HL,143,2020-01-03,2020-01-10,2
XLY,TRANSITION,144,2020-01-17,2020-01-17,1
XLY,LH/LL,145,2020-01-24,2020-02-14,4
XLY,HH/HL,146,2020-02-21,2020-03-06,3
XLY,TRANSITION,147,2020-03-13,2020-03-20,2
XLY,LH/LL,148,2020-03-27,2020-04-10,3
XLY,TRANSITION,149,2020-04-17,2020-04-24,2
XLY,HH/HL,150,2020-05-01,2020-10-23,26
XLY,TRANSITION,151,2020-10-30,2020-11-06,2
XLY,LH/LL,152,2020-11-13,2021-01-01,8
XLY,HH/HL,153,2021-01-08,2021-02-12,6
XLY,TRANSITION,154,2021-02-19,2021-02-19,1
XLY,LH/LL,155,2021-02-26,2021-03-26,5
XLY,TRANSITION,156,2021-04-02,2021-04-09,2
XLY,HH/HL,157,2021-04-16,2021-05-07,4
XLY,LH/LL,158,2021-05-14,2021-06-25,7
XLY,HH/HL,159,2021-07-02,2021-07-30,5
XLY,LH/LL,160,2021-08-06,2021-09-10,6
XLY,HH/HL,161,2021-09-17,2021-11-26,11
XLY,TRANSITION,162,2021-12-03,2021-12-10,2
XLY,LH/LL,163,2021-12-17,2022-03-04,12
XLY,TRANSITION,164,2022-03-11,2022-03-11,1
XLY,LH/LL,165,2022-03-18,2022-04-01,3
XLY,TRANSITION,166,2022-04-08,2022-04-08,1
XLY,HH/HL,167,2022-04-15,2022-04-22,2
XLY,TRANSITION,168,2022-04-29,2022-05-13,3
XLY,LH/LL,169,2022-05-20,2022-06-10,4
XLY,TRANSITION,170,2022-06-17,2022-07-01,3
XLY,HH/HL,171,2022-07-08,2022-07-08,1
XLY,TRANSITION,172,2022-07-15,2022-07-22,2
XLY,HH/HL,173,2022-07-29,2022-09-09,7
XLY,TRANSITION,174,2022-09-16,2022-09-16,1
XLY,HH/HL,175,2022-09-23,2022-09-30,2
XLY,TRANSITION,176,2022-10-07,2022-10-07,1
XLY,LH/LL,177,2022-10-14,2023-01-20,15
XLY,HH/HL,178,2023-01-27,2023-03-10,7
XLY,LH/LL,179,2023-03-17,2023-04-07,4
XLY,TRANSITION,180,2023-04-14,2023-04-21,2
XLY,LH/LL,181,2023-04-28,2023-04-28,1
XLY,TRANSITION,182,2023-05-05,2023-05-19,3
XLY,HH/HL,183,2023-05-26,2023-08-04,11
XLY,LH/LL,184,2023-08-11,2023-09-08,5
XLY,HH/HL,185,2023-09-15,2023-10-06,4
XLY,LH/LL,186,2023-10-13,2023-11-10,5
XLY,TRANSITION,187,2023-11-17,2023-11-24,2
XLY,HH/HL,188,2023-12-01,2023-12-29,5
XLY,TRANSITION,189,2024-01-05,2024-01-05,1
XLY,LH/LL,190,2024-01-12,2024-02-16,6
XLY,TRANSITION,191,2024-02-23,2024-03-22,5
XLY,LH/LL,192,2024-03-29,2024-05-17,8
XLY,TRANSITION,193,2024-05-24,2024-05-24,1
XLY,LH/LL,194,2024-05-31,2024-06-28,5
XLY,TRANSITION,195,2024-07-05,2024-07-05,1
XLY,HH/HL,196,2024-07-12,2024-08-02,4
XLY,TRANSITION,197,2024-08-09,2024-08-09,1
XLY,LH/LL,198,2024-08-16,2024-08-30,3
XLY,TRANSITION,199,2024-09-06,2024-09-06,1
XLY,HH/HL,200,2024-09-13,2024-10-18,6
XLY,TRANSITION,201,2024-10-25,2024-10-25,1
XLY,LH/LL,202,2024-11-01,2024-11-01,1
XLY,HH/HL,203,2024-11-08,2025-01-03,9
XLY,TRANSITION,204,2025-01-10,2025-01-17,2
XLY,LH/LL,205,2025-01-24,2025-02-14,4
XLY,TRANSITION,206,2025-02-21,2025-02-21,1
XLY,LH/LL,207,2025-02-28,2025-04-11,7
XLY,TRANSITION,208,2025-04-18,2025-04-18,1
XLY,HH/HL,209,2025-04-25,2025-04-25,1
XLY,TRANSITION,210,2025-05-02,2025-05-09,2
XLY,HH/HL,211,2025-05-16,2025-06-06,4
XLY,LH/LL,212,2025-06-13,2025-08-08,9
XLY,TRANSITION,213,2025-08-15,2025-08-22,2
XLY,HH/HL,214,2025-08-29,2025-09-26,5
XLY,LH/LL,215,2025-10-03,2025-10-31,5
XLY,TRANSITION,216,2025-11-07,2025-11-07,1
XLY,LH/LL,217,2025-11-14,2025-12-05,4
XLY,TRANSITION,218,2025-12-12,2025-12-12,1
XLY,HH/HL,219,2025-12-19,2026-01-16,5
XLY,TRANSITION,220,2026-01-23,2026-01-23,1
XLY,HH/HL,221,2026-01-30,2026-01-30,1
XLY,LH/LL,222,2026-02-06,2026-04-17,11
