ticker,month_end,monthly_return,growth_index,drawdown,mode
SPY,2018-06-30,0.0057507462521508845,1.0057507462521509,0.0,common-window
SPY,2018-07-31,0.0370463662537186,1.0430101567577588,0.0,common-window
SPY,2018-08-31,0.03192007057843704,1.076303114575493,0.0,common-window
SPY,2018-09-30,0.005945493072488484,1.0827022672870994,0.0,common-window
SPY,2018-10-31,-0.06910441631652886,1.007882759061642,-0.06910441631652886,common-window
SPY,2018-11-30,0.01854939325519611,1.0265783727146085,-0.05183686805525878,common-window
SPY,2018-12-31,-0.0880486989309962,0.9361894826463879,-0.1353213981973318,common-window
SPY,2019-01-31,0.08006590103466604,1.0111463371136489,-0.06609012683860582,common-window
SPY,2019-02-28,0.032415876113984776,1.0439235315106343,-0.03581662008857889,common-window
SPY,2019-03-31,0.018100524388085848,1.0628190948520393,-0.018364395305905168,common-window
SPY,2019-04-30,0.04085244951502287,1.1062378582680845,0.0,common-window
SPY,2019-05-31,-0.06377099192783875,1.0356919727382008,-0.06377099192783886,common-window
SPY,2019-06-30,0.06958618232455582,1.1077618231852402,0.0,common-window
SPY,2019-07-31,0.0151193283011688,1.1245104378694792,0.0,common-window
SPY,2019-08-31,-0.01674311874752743,1.1056826260753965,-0.01674311874752743,common-window
SPY,2019-09-30,0.01945764166255315,1.1271966024060822,0.0,common-window
SPY,2019-10-31,0.022104661086522315,1.152112901280148,0.0,common-window
SPY,2019-11-30,0.03619844901302427,1.193817601394385,0.0,common-window
SPY,2019-12-31,0.029055431486695982,1.2285044869193114,0.0,common-window
SPY,2020-01-31,-0.0004038441660245695,1.2280083625493339,-0.00040384416602468054,common-window
SPY,2020-02-29,-0.07916587134949415,1.1307920105036504,-0.07953774484022602,common-window
SPY,2020-03-31,-0.12487121900979992,0.9895886337055171,-0.19447698869453645,common-window
SPY,2020-04-30,0.12698352346856634,1.1152500851978882,-0.09218883848395887,common-window
SPY,2020-05-31,0.04764517021367043,1.168386365337952,-0.048936021171657185,common-window
SPY,2020-06-30,0.01773442500280953,1.1891070257083431,-0.03206944836625236,common-window
SPY,2020-07-31,0.05889223361996332,1.2591361944654986,0.0,common-window
SPY,2020-08-31,0.06979679571087005,1.3470198662027695,0.0,common-window
SPY,2020-09-30,-0.03744341428692366,1.2965828432998228,-0.03744341428692366,common-window
SPY,2020-10-31,-0.02493375123404551,1.2642541692306535,-0.06144356074378576,common-window
SPY,2020-11-30,0.10877680675408596,1.4017757006851037,0.0,common-window
SPY,2020-12-31,0.037048207520307797,1.4537089777410104,0.0,common-window
SPY,2021-01-31,-0.010190447992873164,1.4388950320065679,-0.010190447992873164,common-window
SPY,2021-02-28,0.027805367200020248,1.4789040367337953,0.0,common-window
SPY,2021-03-31,0.045399689045698466,1.5460458201299379,0.0,common-window
SPY,2021-04-30,0.052910330016912255,1.6278476146942806,0.0,common-window
SPY,2021-05-31,0.006566172451982988,1.6385363428579125,0.0,common-window
SPY,2021-06-30,0.022427197563817503,1.6752841211346818,0.0,common-window
SPY,2021-07-31,0.024412673542282937,1.7161822854745132,0.0,common-window
SPY,2021-08-31,0.029759865256122175,1.7672556390451786,0.0,common-window
SPY,2021-09-30,-0.04660582064413177,1.6848912396995086,-0.04660582064413177,common-window
SPY,2021-10-31,0.07016384151977628,1.8031096816198444,0.0,common-window
SPY,2021-11-30,-0.00803495178648228,1.7886217822622896,-0.00803495178648228,common-window
SPY,2021-12-31,0.04624772138539757,1.8713414641122093,0.0,common-window
SPY,2022-01-31,-0.05274109069785193,1.7726448742268162,-0.05274109069785193,common-window
SPY,2022-02-28,-0.029517058003522223,1.7203216126546168,-0.08070138686807671,common-window
SPY,2022-03-31,0.03759036493550094,1.7849891298807334,-0.04614461651574775,common-window
SPY,2022-04-30,-0.08776909079825834,1.6283222568663271,-0.12986363627718467,common-window
SPY,2022-05-31,0.0022572249739403194,1.6319977465301487,-0.1278995427462558,common-window
SPY,2022-06-30,-0.08246038676857781,1.4974225811458253,-0.1998132837524531,common-window
SPY,2022-07-31,0.0920875483183976,1.6353165554401512,-0.12612605085626727,common-window
SPY,2022-08-31,-0.04080201781562243,1.5685923402108999,-0.16178187129783805,common-window
SPY,2022-09-30,-0.09244573152384794,1.4235826738573987,-0.2392715593822604,common-window
SPY,2022-10-31,0.08127529456095228,1.5392847750070269,-0.17744313129015965,common-window
SPY,2022-11-30,0.05559162909911963,1.6248561232971392,-0.13171585493190907,common-window
SPY,2022-12-31,-0.05762831650161171,1.53121840035419,-0.18175360845722421,common-window
SPY,2023-01-31,0.0628874346747148,1.6275127974791854,-0.13029619196125686,common-window
SPY,2023-02-28,-0.0251427546717492,1.586592642487034,-0.152162941443861,common-window
SPY,2023-03-31,0.03707782863716136,1.6454200526021492,-0.12072698427448159,common-window
SPY,2023-04-30,0.015975065829193058,1.671705746259143,-0.10668053996643334,common-window
SPY,2023-05-31,0.004616206764454844,1.6794226856332024,-0.10255679263220718,common-window
SPY,2023-06-30,0.06479965952120881,1.788248703854428,-0.04440277835515272,common-window
SPY,2023-07-31,0.03273324109164588,1.8467838798095182,-0.013122984112544867,common-window
SPY,2023-08-31,-0.016252002084163553,1.8167699443458543,-0.029161711431560988,common-window
SPY,2023-09-30,-0.04743441853487962,1.730592518424163,-0.07521286114120251,common-window
SPY,2023-10-31,-0.021708563678450976,1.6930238405365012,-0.09528866163413119,common-window
SPY,2023-11-30,0.09134383608718477,1.8476711327181634,-0.012648857436221794,common-window
SPY,2023-12-31,0.04565531911673326,1.9320271479051871,0.0,common-window
SPY,2024-01-31,0.01592647831792915,1.9627975363859496,0.0,common-window
SPY,2024-02-29,0.052186776918271116,2.0652296135530555,0.0,common-window
SPY,2024-03-31,0.03270192288872398,2.1327665931229767,0.0,common-window
SPY,2024-04-30,-0.0403195054602844,2.046774498826043,-0.04031950546028429,common-window
SPY,2024-05-31,0.050579520519649535,2.15029937158851,0.0,common-window
SPY,2024-06-30,0.03528028488398216,2.2261625460040007,0.0,common-window
SPY,2024-07-31,0.012109169931161512,2.2531195265679504,0.0,common-window
SPY,2024-08-31,0.023365432938468933,2.305764639768329,0.0,common-window
SPY,2024-09-30,0.021004661564918203,2.354196445675018,0.0,common-window
SPY,2024-10-31,-0.008923558620233862,2.333188635688491,-0.008923558620233862,common-window
SPY,2024-11-30,0.05963352184722481,2.472324891168517,0.0,common-window
SPY,2024-12-31,-0.024060182229797777,2.4128403037557375,-0.02406018222979789,common-window
SPY,2025-01-31,0.026856408076720406,2.4776405275773596,0.0,common-window
SPY,2025-02-28,-0.012694837033450312,2.4461872848522934,-0.012694837033450201,common-window
SPY,2025-03-31,-0.05571919586383445,2.309887696407987,-0.06770668678615843,common-window
SPY,2025-04-30,-0.008670229175496758,2.2898604407104695,-0.07578988347050564,common-window
SPY,2025-05-31,0.06284501787581465,2.4337667610400397,-0.017707882176200784,common-window
SPY,2025-06-30,0.051386078379676015,2.5588284905806935,0.0,common-window
SPY,2025-07-31,0.023031507308652444,2.617762167663091,0.0,common-window
SPY,2025-08-31,0.02051959125720848,2.6714775773521215,0.0,common-window
SPY,2025-09-30,0.03562036952182912,2.766636595826685,0.0,common-window
SPY,2025-10-31,0.023837458474752493,2.832586180794434,0.0,common-window
SPY,2025-11-30,0.0019499283249213573,2.838109520821146,0.0,common-window
SPY,2025-12-31,0.000797497311368911,2.8403729055333713,0.0,common-window
SPY,2026-01-31,0.014737781623702428,2.882233701145003,0.0,common-window
SPY,2026-02-28,-0.008641965290305365,2.85732553754116,-0.008641965290305254,common-window
SPY,2026-03-31,-0.02472333587798481,2.7866829185637862,-0.033151642957772065,common-window
XLB,2018-06-30,0.0027555407584609615,1.002755540758461,0.0,common-window
XLB,2018-07-31,0.0285860867960519,1.0314203976818044,0.0,common-window
XLB,2018-08-31,-0.007701158598247271,1.0234772656177895,-0.007701158598247271,common-window
XLB,2018-09-30,-0.017954157656465575,1.0051015934330794,-0.02551704843910252,common-window
XLB,2018-10-31,-0.09183516081985821,0.9127979269598567,-0.11500884701190772,common-window
XLB,2018-11-30,0.038015729445793456,0.9474986059898438,-0.08136526277799161,common-window
XLB,2018-12-31,-0.06887692545321933,0.8822378151380521,-0.14463799909236952,common-window
XLB,2019-01-31,0.056016970741154415,0.9316581050153804,-0.09672321091443148,common-window
XLB,2019-02-28,0.03186510891066918,0.9613454919992032,-0.06794019765374026,common-window
XLB,2019-03-31,0.012529075112310828,0.9733902618773426,-0.05626235038097849,common-window
XLB,2019-04-30,0.035135217855547074,1.007590540786871,-0.023103922463132198,common-window
XLB,2019-05-31,-0.08181012760285178,0.9251594300736707,-0.10302391522114862,common-window
XLB,2019-06-30,0.11563699747843903,1.0321420887562538,0.0,common-window
XLB,2019-07-31,-0.0027348980444619198,1.0293192853761075,-0.0027348980444619198,common-window
XLB,2019-08-31,-0.02828251557951933,1.000207546651158,-0.03094006382743042,common-window
XLB,2019-09-30,0.031797794013502356,1.032011940190322,-0.00012609559027731976,common-window
XLB,2019-10-31,-0.00017194316158741785,1.0318344927945298,-0.0002980170705901841,common-window
XLB,2019-11-30,0.03179233314161589,1.0646389187364638,0.0,common-window
XLB,2019-12-31,0.028624328977553404,1.095113493388683,0.0,common-window
XLB,2020-01-31,-0.06170619372925645,1.027538208010118,-0.061706193729256564,common-window
XLB,2020-02-29,-0.08519869343092745,0.9399932952372995,-0.1416476000778556,common-window
XLB,2020-03-31,-0.13996711015353935,0.8084251501392319,-0.2617887049883133,common-window
XLB,2020-04-30,0.1518648084624452,0.9311964807213499,-0.14968038806654982,common-window
XLB,2020-05-31,0.06881288904317562,0.9952748008266238,-0.09116743895933721,common-window
XLB,2020-06-30,0.02181446915874896,1.0169861922737362,-0.0713417390860488,common-window
XLB,2020-07-31,0.07116227282875331,1.0893572411513948,-0.0052563065582146296,common-window
XLB,2020-08-31,0.04357211988246701,1.1368228454576768,0.0,common-window
XLB,2020-09-30,0.015076355741018288,1.1539619910903134,0.0,common-window
XLB,2020-10-31,-0.007228296446389337,1.1456208117308468,-0.007228296446389448,common-window
XLB,2020-11-30,0.12361500426070071,1.2872367332541028,0.0,common-window
XLB,2020-12-31,0.0248162359013977,1.3191811036874812,0.0,common-window
XLB,2021-01-31,-0.02417473387496427,1.2872902515729547,-0.02417473387496427,common-window
XLB,2021-02-28,0.041194980651799495,1.3403201485797527,0.0,common-window
XLB,2021-03-31,0.07590421135391145,1.4420560924194563,0.0,common-window
XLB,2021-04-30,0.05380706713743311,1.5196489014002144,0.0,common-window
XLB,2021-05-31,0.0508191845837449,1.596876219422957,0.0,common-window
XLB,2021-06-30,-0.05263229261161273,1.512828962977762,-0.05263229261161284,common-window
XLB,2021-07-31,0.0207752885098631,1.5442584211497021,-0.032950455165691395,common-window
XLB,2021-08-31,0.018923844097262554,1.573481726757424,-0.014650160344918284,common-window
XLB,2021-09-30,-0.07188590558765262,1.4603705679038432,-0.08548292588917206,common-window
XLB,2021-10-31,0.07597018809889988,1.5713151946415955,-0.0160068917493168,common-window
XLB,2021-11-30,-0.005521559511938556,1.5626390842823685,-0.021440068255860423,common-window
XLB,2021-12-31,0.07583197255860497,1.6811370884406727,0.0,common-window
XLB,2022-01-31,-0.06798362322454765,1.5668472980313088,-0.06798362322454765,common-window
XLB,2022-02-28,-0.0126702211187536,1.5469949963059306,-0.07979247680459223,common-window
XLB,2022-03-31,0.06118900642812153,1.6416540830791662,-0.023485892752582505,common-window
XLB,2022-04-30,-0.03539432026158751,1.5835488527039194,-0.058048945804455854,common-window
XLB,2022-05-31,0.01176067734860542,1.6021724598263245,-0.04697096337788331,common-window
XLB,2022-06-30,-0.13856299750148782,1.380170641278457,-0.179025523398199,common-window
XLB,2022-07-31,0.06154908327009645,1.465118879005447,-0.1284952969752109,common-window
XLB,2022-08-31,-0.03481383925132164,1.414112465867675,-0.15883572161308668,common-window
XLB,2022-09-30,-0.09302938772655645,1.2825584489915143,-0.23708871940887188,common-window
XLB,2022-10-31,0.08925159397730997,1.3970288349330733,-0.16899767155284284,common-window
XLB,2022-11-30,0.11703590473375369,1.5605313685686073,-0.07174056220717395,common-window
XLB,2022-12-31,-0.05518778025775006,1.474409106314717,-0.122969140082267,common-window
XLB,2023-01-31,0.08972683274657389,1.6067031655970432,-0.04427593880084468,common-window
XLB,2023-02-28,-0.03331331901937129,1.5531785504720752,-0.0761142793460613,common-window
XLB,2023-03-31,-0.01001080584470726,1.5376299815611354,-0.08536311991822532,common-window
XLB,2023-04-30,-0.0013637650181439476,1.535533015581433,-0.08661046969958508,common-window
XLB,2023-05-31,-0.06865310533472768,1.430113905717769,-0.14931749733493693,common-window
XLB,2023-06-30,0.11005680475914348,1.5875076726226856,-0.05569409922710855,common-window
XLB,2023-07-31,0.03439114719543346,1.6421038826657324,-0.02321833599611156,common-window
XLB,2023-08-31,-0.0330143904901079,1.5878908238580836,-0.05546618727511332,common-window
XLB,2023-09-30,-0.04779037931297958,1.512004919078306,-0.10060581645917055,common-window
XLB,2023-10-31,-0.03169972913480257,1.4640747726930348,-0.1291163684628317,common-window
XLB,2023-11-30,0.08348701549212678,1.58630600592249,-0.056408893224848544,common-window
XLB,2023-12-31,0.0452335936509225,1.6580603272004057,-0.013726876528357135,common-window
XLB,2024-01-31,-0.03892908906867032,1.5935135490415926,-0.05212159079802037,common-window
XLB,2024-02-29,0.06507713876883292,1.6972148514025878,0.0,common-window
XLB,2024-03-31,0.06468341883141404,1.8069965104827574,0.0,common-window
XLB,2024-04-30,-0.04586063477009006,1.7241265034846804,-0.04586063477009006,common-window
XLB,2024-05-31,0.03272024204187929,1.7805403399895183,-0.01464096379808233,common-window
XLB,2024-06-30,-0.03058363088094418,1.726084951462648,-0.04477682084648471,common-window
XLB,2024-07-31,0.04337004391764654,1.8009453316131718,-0.0033487496154428475,common-window
XLB,2024-08-31,0.02322548539417535,1.8427731611082618,0.0,common-window
XLB,2024-09-30,0.026836725765120084,1.8922271590802477,0.0,common-window
XLB,2024-10-31,-0.03102278046750384,1.8335250113294528,-0.03102278046750384,common-window
XLB,2024-11-30,0.014883754198658394,1.8608147469151728,-0.016600761707882605,common-window
XLB,2024-12-31,-0.1076303476214413,1.6605346088455883,-0.12244436357592392,common-window
XLB,2025-01-31,0.055265068110748716,1.7523041671036952,-0.07394619155797588,common-window
XLB,2025-02-28,-0.000337755085497049,1.7517123174599183,-0.07425897094122114,common-window
XLB,2025-03-31,-0.026702976063097794,1.7049363853773525,-0.09897901148080523,common-window
XLB,2025-04-30,-0.024308095720969036,1.6634926285234368,-0.120881115916332,common-window
XLB,2025-05-31,0.029204935270980448,1.712074823063217,-0.09520650581117185,common-window
XLB,2025-06-30,0.0222065053499656,1.7500940217811118,-0.07511420424185344,common-window
XLB,2025-07-31,-0.0009109142372620838,1.748499836220124,-0.07595669588105114,common-window
XLB,2025-08-31,0.051863530402880276,1.8391832106353576,-0.028032547884300096,common-window
XLB,2025-09-30,-0.024216430132895872,1.7946447589134114,-0.05157012977990871,common-window
XLB,2025-10-31,-0.04407510370220025,1.7155456050556925,-0.09337227466412357,common-window
XLB,2025-11-30,0.04353927140430125,1.7902392107606686,-0.05389836406806059,common-window
XLB,2025-12-31,0.019778411791045336,1.8256472990755692,-0.035185976316416956,common-window
XLB,2026-01-31,0.08643885591042588,1.9834541629036206,0.0,common-window
XLB,2026-02-28,0.08402677798222102,2.150117425487835,0.0,common-window
XLB,2026-03-31,-0.07507954190206767,1.9886875941465552,-0.07507954190206767,common-window
XLC,2018-06-30,,1.0,0.0,common-window
XLC,2018-07-31,-0.021603161174073682,0.9783968388259263,-0.021603161174073682,common-window
XLC,2018-08-31,0.014857795690393916,0.9929336591613293,-0.007066340838670748,common-window
XLC,2018-09-30,-0.0009632099013742179,0.9919772556294173,-0.008022744370582702,common-window
XLC,2018-10-31,-0.06040827691802508,0.932053618874973,-0.06794638112502704,common-window
XLC,2018-11-30,-0.02237176391076323,0.9112019353613295,-0.08879806463867046,common-window
XLC,2018-12-31,-0.07988431883614433,0.8384111894328133,-0.16158881056718666,common-window
XLC,2019-01-31,0.11749058828397518,0.9369166133031419,-0.06308338669685809,common-window
XLC,2019-02-28,-0.0045524577209290484,0.9326513400330433,-0.06734865996695671,common-window
XLC,2019-03-31,0.02030666899144995,0.9515903820795265,-0.04840961792047349,common-window
XLC,2019-04-30,0.070558099983564,1.0187327914016917,0.0,common-window
XLC,2019-05-31,-0.05951664951205271,0.9581012289094021,-0.05951664951205271,common-window
XLC,2019-06-30,0.04774003448471342,1.0038410146173833,-0.014617941927459244,common-window
XLC,2019-07-31,0.03169418360122234,1.0356569360411039,0.0,common-window
XLC,2019-08-31,-0.024615879552798425,1.0101633296454957,-0.024615879552798536,common-window
XLC,2019-09-30,0.002129950068383568,1.0123149270985528,-0.02253836007875165,common-window
XLC,2019-10-31,0.022213230656082272,1.034801712070788,-0.0008257792137086328,common-window
XLC,2019-11-30,0.038324810405495846,1.0744602914931833,0.0,common-window
XLC,2019-12-31,0.02257830973423025,1.0987197887516478,0.0,common-window
XLC,2020-01-31,0.005220790319092172,1.1044559743881575,0.0,common-window
XLC,2020-02-29,-0.05843066429699317,1.0399218781178745,-0.05843066429699317,common-window
XLC,2020-03-31,-0.1259921418480192,0.9088998933391887,-0.17706100160063165,common-window
XLC,2020-04-30,0.1365280794237329,1.032990250165224,-0.06470672066627536,common-window
XLC,2020-05-31,0.07438334097869204,1.1098275161709281,0.0,common-window
XLC,2020-06-30,0.0023916023773229433,1.112481782297021,0.0,common-window
XLC,2020-07-31,0.07568501763279833,1.196679985606338,0.0,common-window
XLC,2020-08-31,0.08825030021556857,1.3022873535980595,0.0,common-window
XLC,2020-09-30,-0.059031657651672065,1.2254111723763568,-0.059031657651672065,common-window
XLC,2020-10-31,-0.003366970834360883,1.2212852486988657,-0.06219987061641574,common-window
XLC,2020-11-30,0.1047296635369519,1.3491900418777405,0.0,common-window
XLC,2020-12-31,0.03345207400551353,1.3943232470061366,0.0,common-window
XLC,2021-01-31,-0.008891453155084661,1.381925687172336,-0.008891453155084661,common-window
XLC,2021-02-28,0.07012557024276433,1.47883401401842,0.0,common-window
XLC,2021-03-31,0.02626138296908609,1.5176702404082685,0.0,common-window
XLC,2021-04-30,0.06451216930755077,1.615578439910518,0.0,common-window
XLC,2021-05-31,0.009480730270943205,1.6308953033308609,0.0,common-window
XLC,2021-06-30,0.02951587027597835,1.679032597537677,0.0,common-window
XLC,2021-07-31,0.017661098558183097,1.7086861577251922,0.0,common-window
XLC,2021-08-31,0.039077717866238704,1.7754577133187246,0.0,common-window
XLC,2021-09-30,-0.06275372312231253,1.6640411315617472,-0.06275372312231253,common-window
XLC,2021-10-31,0.002372033962399378,1.6679882936406412,-0.06053054312242634,common-window
XLC,2021-11-30,-0.06139469904282868,1.5655826543456126,-0.11820898768735466,common-window
XLC,2021-12-31,0.03276853273130054,1.6168845007980932,-0.08931399003822116,common-window
XLC,2022-01-31,-0.04801734782248901,1.5392459953344797,-0.13304271693563052,common-window
XLC,2022-02-28,-0.07437490794931678,1.4247647161201233,-0.19752258505953268,common-window
XLC,2022-03-31,0.00737567302914699,1.4352733148096908,-0.1916037740336567,common-window
XLC,2022-04-30,-0.1413200490488139,1.2324404195623315,-0.3058463683380964,common-window
XLC,2022-05-31,0.018963716520815854,1.255812070307707,-0.29268263564536523,common-window
XLC,2022-06-30,-0.09602279088222299,1.1352254904931784,-0.3606012230101555,common-window
XLC,2022-07-31,0.038695462509688694,1.1791535659006003,-0.3358593916064041,common-window
XLC,2022-08-31,-0.03530246455513253,1.1375265389353362,-0.35930519189384325,common-window
XLC,2022-09-30,-0.11748354262322303,1.0038858913132793,-0.4345762876904605,common-window
XLC,2022-10-31,0.006682106516821218,1.0105939637697687,-0.4307980662176717,common-window
XLC,2022-11-30,0.06845036171027008,1.079769486132025,-0.39183598796408603,common-window
XLC,2022-12-31,-0.06604246912247314,1.008458843184762,-0.4320006409503673,common-window
XLC,2023-01-31,0.14773886056306806,1.1574474036016287,-0.34808506284382157,common-window
XLC,2023-02-28,-0.028685363844563883,1.1242456036983701,-0.3667854800118525,common-window
XLC,2023-03-31,0.08651411878184301,1.2215087213966958,-0.31200348381521026,common-window
XLC,2023-04-30,0.03329296138541116,1.262176364090099,-0.2890980423685726,common-window
XLC,2023-05-31,0.03906518394831582,1.311483515928495,-0.2613265266244831,common-window
XLC,2023-06-30,0.04732796986165977,1.3735533682444223,-0.22636661073895914,common-window
XLC,2023-07-31,0.05700662174049609,1.4518550055483164,-0.18226438475153706,common-window
XLC,2023-08-31,-0.015409213454772419,1.4294830618624426,-0.19486504739647026,common-window
XLC,2023-09-30,-0.029476207896882434,1.3873473219459131,-0.21859737264445855,common-window
XLC,2023-10-31,-0.012963199476716647,1.3693628618680396,-0.22872685077449895,common-window
XLC,2023-11-30,0.07802832802814663,1.4762119564434406,-0.1685456964874299,common-window
XLC,2023-12-31,0.043979793377151744,1.541135453268704,-0.13197850801640343,common-window
XLC,2024-01-31,0.04431594012009388,1.6094323197327136,-0.09351131955470382,common-window
XLC,2024-02-29,0.04586196713856072,1.6832440518920329,-0.051937965480644444,common-window
XLC,2024-03-31,0.03176643689812675,1.7367147178506084,-0.02182141268557558,common-window
XLC,2024-04-30,-0.04653448985894704,1.655897584424905,-0.06734045423719781,common-window
XLC,2024-05-31,0.06935529211568126,1.7707428451063454,-0.002655578996340058,common-window
XLC,2024-06-30,0.0315458360231502,1.8266024085372365,0.0,common-window
XLC,2024-07-31,0.0015175292350344538,1.8293743310929762,0.0,common-window
XLC,2024-08-31,0.01783416185630915,1.8619996890094657,0.0,common-window
XLC,2024-09-30,0.03841478609478721,1.9335280087713247,0.0,common-window
XLC,2024-10-31,0.01814154331456952,1.968605190892383,0.0,common-window
XLC,2024-11-30,0.06910046406647674,2.104636723146722,0.0,common-window
XLC,2024-12-31,-0.013601019401758285,2.0760115182415504,-0.013601019401758174,common-window
XLC,2025-01-31,0.05753542799719891,2.1954557294706927,0.0,common-window
XLC,2025-02-28,-0.0037116877925154057,2.187306883240608,-0.0037116877925154057,common-window
XLC,2025-03-31,-0.051613258320821864,2.0744128480489987,-0.055133373812496056,common-window
XLC,2025-04-30,-0.010471625062864698,2.0526903744786402,-0.06502766285634554,common-window
XLC,2025-05-31,0.06244766844176808,2.1808761023976913,-0.00664082034417357,common-window
XLC,2025-06-30,0.07291329326238438,2.33989096122074,0.0,common-window
XLC,2025-07-31,-0.010319700672205112,2.3157439868953436,-0.010319700672205112,common-window
XLC,2025-08-31,0.037054204507172894,2.4015520381720195,0.0,common-window
XLC,2025-09-30,0.06636886345435644,2.5609403174719896,0.0,common-window
XLC,2025-10-31,-0.03007521471003416,2.4839194875644366,-0.03007521471003416,common-window
XLC,2025-11-30,0.005051861969507021,2.4964679059589807,-0.025175288573945465,common-window
XLC,2025-12-31,0.02349512884833116,2.5551227410752104,-0.002271656374453035,common-window
XLC,2026-01-31,0.020047575483175484,2.606346757095694,0.0,common-window
XLC,2026-02-28,-0.016905385978865706,2.562285459172226,-0.016905385978865817,common-window
XLC,2026-03-31,-0.023041094031235,2.503247598972573,-0.03955696142212739,common-window
XLE,2018-06-30,0.005695660146470827,1.0056956601464708,0.0,common-window
XLE,2018-07-31,0.015538517931734885,1.0213226801955246,0.0,common-window
XLE,2018-08-31,-0.034751014538842884,0.9858306808871999,-0.034751014538842884,common-window
XLE,2018-09-30,0.024459683067735938,1.009943786900151,-0.011141330273009453,common-window
XLE,2018-10-31,-0.1132822047459009,0.8955351280506777,-0.12316142056178159,common-window
XLE,2018-11-30,-0.01563429501702529,0.8815340676606239,-0.13687017359502796,common-window
XLE,2018-12-31,-0.12439196617613835,0.77187831173307,-0.2442365897668114,common-window
XLE,2019-01-31,0.11211847977627976,0.8584201346168632,-0.1595015451409294,common-window
XLE,2019-02-28,0.0230481318699034,0.8782051150792929,-0.1401296259168875,common-window
XLE,2019-03-31,0.021280909989711105,0.8968941190857992,-0.1218308018832055,common-window
XLE,2019-04-30,-0.0001513093454225123,0.896758410623727,-0.12196367708974287,common-window
XLE,2019-05-31,-0.11102708138525219,0.7971939415844971,-0.21944948737270753,common-window
XLE,2019-06-30,0.09395161158180976,0.8720915971396157,-0.1461155087903656,common-window
XLE,2019-07-31,-0.015853137306766518,0.8582662093060841,-0.15965225687363038,common-window
XLE,2019-08-31,-0.08325360182135022,0.7868124560597958,-0.22961423327134345,common-window
XLE,2019-09-30,0.03934302271685697,0.8177680363924623,-0.19930492855019466,common-window
XLE,2019-10-31,-0.02094602797109335,0.8006390442283197,-0.2160763099130989,common-window
XLE,2019-11-30,0.016045811259874032,0.8134859472192932,-0.2034976183398205,common-window
XLE,2019-12-31,0.060261945663842464,0.8625081931689217,-0.15549883509509366,common-window
XLE,2020-01-31,-0.10992688279504259,0.7676953561086777,-0.24833221566987218,common-window
XLE,2020-02-29,-0.15288169424029052,0.6503287894063798,-0.3632484600441075,common-window
XLE,2020-03-31,-0.3437092988159064,0.4268047371997158,-0.5821058853622959,common-window
XLE,2020-04-30,0.3076390889029803,0.5581065576913123,-0.45354532067723496,common-window
XLE,2020-05-31,0.0200001189225667,0.5692687552166029,-0.44261616210498655,common-window
XLE,2020-06-30,-0.010955560323923752,0.5630320970283025,-0.44872261436462546,common-window
XLE,2020-07-31,-0.04808452705785349,0.5359589649243051,-0.4752305267305924,common-window
XLE,2020-08-31,-0.010546682997320422,0.5303063756216765,-0.4807651040118356,common-window
XLE,2020-09-30,-0.14606614112337846,0.45284656972149334,-0.5566077416054256,common-window
XLE,2020-10-31,-0.04106860864272066,0.4342487911744028,-0.5748172447406444,common-window
XLE,2020-11-30,0.2799443947707865,0.5558143061996667,-0.45578971565258874,common-window
XLE,2020-12-31,0.04480109697372492,0.5807153968311015,-0.431408497929442,common-window
XLE,2021-01-31,0.03746687262839066,0.6024729866375177,-0.4101051525437791,common-window
XLE,2021-02-28,0.22456781314883112,0.7377690277279499,-0.27763375666277224,common-window
XLE,2021-03-31,0.029710174679205226,0.7596882744146547,-0.256172129390862,common-window
XLE,2021-04-30,0.006726307147703059,0.7647981710848762,-0.25116891466812297,common-window
XLE,2021-05-31,0.05709664586552465,0.8084655814179104,-0.20841317137583237,common-window
XLE,2021-06-30,0.042339231931064925,0.8426953931778465,-0.17489799304513765,common-window
XLE,2021-07-31,-0.08316306870306645,0.7726142582992397,-0.2435160079365628,common-window
XLE,2021-08-31,-0.020044571925097565,0.7571275362284047,-0.2586794057256633,common-window
XLE,2021-09-30,0.08931481733622548,0.8247502438268711,-0.1924684922604687,common-window
XLE,2021-10-31,0.10328292796810734,0.9099328638517208,-0.10906427371462968,common-window
XLE,2021-11-30,-0.05011322159073894,0.8643331966128238,-0.1537119331890744,common-window
XLE,2021-12-31,0.029833915556211732,0.8901196402130014,-0.12846384646760745,common-window
XLE,2022-01-31,0.18774785311302233,1.0572376916767283,0.0,common-window
XLE,2022-02-28,0.07069177687243644,1.1319757026778694,0.0,common-window
XLE,2022-03-31,0.09338568413233994,1.2376860280936284,0.0,common-window
XLE,2022-04-30,-0.01687569941272149,1.2167992107161951,-0.01687569941272149,common-window
XLE,2022-05-31,0.16034593271188857,1.4119080150815733,0.0,common-window
XLE,2022-06-30,-0.17073447244230577,1.1708466449895578,-0.17073447244230577,common-window
XLE,2022-07-31,0.09662946147910745,1.2839849257695184,-0.09060299109121783,common-window
XLE,2022-08-31,0.026523711403701133,1.3180409713873318,-0.06648240727553223,common-window
XLE,2022-09-30,-0.09558721588151431,1.19205310451465,-0.15571475494047748,common-window
XLE,2022-10-31,0.24965310655768103,1.4896528652384604,0.0,common-window
XLE,2022-11-30,0.012777517136369543,1.5086869302512869,0.0,common-window
XLE,2022-12-31,-0.0304890228435305,1.4626885399711194,-0.03048902284353061,common-window
XLE,2023-01-31,0.028123874340727495,1.5038250086688894,-0.0032226179500260965,common-window
XLE,2023-02-28,-0.06938741704597029,1.3994784756282213,-0.07238642586031807,common-window
XLE,2023-03-31,5.327840813795781e-05,1.399553037613626,-0.07233700408572075,common-window
XLE,2023-04-30,0.027767771791675555,1.4384155069724276,-0.04657786971559097,common-window
XLE,2023-05-31,-0.10031736906182276,1.2941174476952257,-0.14222266943104123,common-window
XLE,2023-06-30,0.06913374101808278,1.3835846281711697,-0.08292131360830446,common-window
XLE,2023-07-31,0.07773818554152134,1.4911419867083369,-0.011629280529412256,common-window
XLE,2023-08-31,0.016460832471218767,1.5156874251423431,0.0,common-window
XLE,2023-09-30,0.024033172823976878,1.5521142029779176,0.0,common-window
XLE,2023-10-31,-0.057528499944591416,1.4628234011379029,-0.057528499944591416,common-window
XLE,2023-11-30,-0.00716059641807032,1.4523487131314454,-0.0642771579920215,common-window
XLE,2023-12-31,0.0007718336903559386,1.4534696847983855,-0.06355493557772407,common-window
XLE,2024-01-31,-0.005128667499567752,1.446015322064353,-0.06835765094475721,common-window
XLE,2024-02-29,0.03272980297370531,1.4933431186524784,-0.03786518041821907,common-window
XLE,2024-03-31,0.10486383079926553,1.6499407987720993,0.0,common-window
XLE,2024-04-30,-0.00942696904154372,1.634386857941695,-0.00942696904154361,common-window
XLE,2024-05-31,-0.0034218168886013256,1.6287942853886819,-0.012816528568270313,common-window
XLE,2024-06-30,-0.01414175200729162,1.6057602805338214,-0.02677703240695517,common-window
XLE,2024-07-31,0.02260011269056328,1.6420506438279163,-0.004782083666307835,common-window
XLE,2024-08-31,-0.020705892511024837,1.6080505196991564,-0.025388958866959355,common-window
XLE,2024-09-30,-0.03018104835271318,1.5595178692105105,-0.05480374182448389,common-window
XLE,2024-10-31,0.008997779870914213,1.573550067702424,-0.04629907395860877,common-window
XLE,2024-11-30,0.07833835253739418,1.6968193876413369,0.0,common-window
XLE,2024-12-31,-0.09579575463371803,1.5342712939251117,-0.09579575463371803,common-window
XLE,2025-01-31,0.023114535282172888,1.5697352618809688,-0.07489549370190851,common-window
XLE,2025-02-28,0.03833866130855457,1.6299168104303186,-0.039428225359928404,common-window
XLE,2025-03-31,0.03493235414037499,1.6868536416716209,-0.005873191950952927,common-window
XLE,2025-04-30,-0.13857677871267582,1.4530948978490212,-0.14363608264230454,common-window
XLE,2025-05-31,0.012794994850767516,1.471687239584676,-0.1326789107293297,common-window
XLE,2025-06-30,0.04869269825904832,1.5433476622734645,-0.09044670663576382,common-window
XLE,2025-07-31,0.028298667901302865,1.5870223452243934,-0.0647075600483129,common-window
XLE,2025-08-31,0.0364637051375607,1.6448910600673758,-0.03060333230052492,common-window
XLE,2025-09-30,-0.0031819891037648818,1.6396570346373611,-0.033687941934370635,common-window
XLE,2025-10-31,-0.01354379934331218,1.6174498487683824,-0.046775478551834615,common-window
XLE,2025-11-30,0.026324766087301388,1.660028837695151,-0.02168206599603184,common-window
XLE,2025-12-31,-0.0029602077572791208,1.6551148074524988,-0.024578090333355673,common-window
XLE,2026-01-31,0.14180273501257368,1.8898146139090723,0.0,common-window
XLE,2026-02-28,0.09539665043421408,2.0700965980176256,0.0,common-window
XLE,2026-03-31,0.03540778651228882,2.143394136420049,0.0,common-window
XLF,2018-06-30,-0.017469264790416217,0.9825307352095838,0.0,common-window
XLF,2018-07-31,0.05114712657224629,1.0327843590844705,0.0,common-window
XLF,2018-08-31,0.013595698759470753,1.046825784114076,0.0,common-window
XLF,2018-09-30,-0.02215478246860203,1.023633586584505,-0.02215478246860192,common-window
XLF,2018-10-31,-0.04713558183489008,0.975384021895109,-0.06824608574140911,common-window
XLF,2018-11-30,0.026255656085020007,1.0009933693248105,-0.04378227541276436,common-window
XLF,2018-12-31,-0.11128944300037769,0.889593374805581,-0.15019921336916642,common-window
XLF,2019-01-31,0.08900080632105989,0.9687679024611505,-0.07456625814675122,common-window
XLF,2019-02-28,0.02235915787038567,0.9904287369320418,-0.05387433901407268,common-window
XLF,2019-03-31,-0.02559385436817785,0.9650798480769448,-0.07808934139534252,common-window
XLF,2019-04-30,0.08984851756922696,1.051790841762593,0.0,common-window
XLF,2019-05-31,-0.0717346037606108,0.9763410424897141,-0.0717346037606108,common-window
XLF,2019-06-30,0.06653702124016192,1.041303867171494,-0.00997058937452322,common-window
XLF,2019-07-31,0.02355062603290725,1.06582722513387,0.0,common-window
XLF,2019-08-31,-0.04707968701433596,1.0156484129632093,-0.04707968701433596,common-window
XLF,2019-09-30,0.04542161723583504,1.0617808064230074,-0.0037965053016491,common-window
XLF,2019-10-31,0.02499989852414286,1.0883252188384651,0.0,common-window
XLF,2019-11-30,0.05052270952389626,1.1433103577373718,0.0,common-window
XLF,2019-12-31,0.026092777576180115,1.173142500602356,0.0,common-window
XLF,2020-01-31,-0.026640894204439935,1.1418889353570765,-0.026640894204439935,common-window
XLF,2020-02-29,-0.11248319912812788,1.0134456148591005,-0.13612744032481838,common-window
XLF,2020-03-31,-0.21035957232709046,0.8002576287405748,-0.3178513025231986,common-window
XLF,2020-04-30,0.09462056511192074,0.8759784578071337,-0.253306007277583,common-window
XLF,2020-05-31,0.027204941971510355,0.8998094009200699,-0.23299224053509426,common-window
XLF,2020-06-30,-0.005227897337684362,0.8951052897485765,-0.23700207835878406,common-window
XLF,2020-07-31,0.03846153846153855,0.9295324162773679,-0.2076560044495065,common-window
XLF,2020-08-31,0.04286314285156889,0.9693750970214288,-0.1736936505806428,common-window
XLF,2020-09-30,-0.034222329969222365,0.9362008225872145,-0.20197177912613562,common-window
XLF,2020-10-31,-0.008724596472430401,0.9280328481929836,-0.20893425332687166,common-window
XLF,2020-11-30,0.16848265440364574,1.0843902858303132,-0.07565339651958092,common-window
XLF,2020-12-31,0.06306066274755473,1.152772655931783,-0.017363487095654495,common-window
XLF,2021-01-31,-0.0179784257762039,1.1320476183002761,-0.03502974470789311,common-window
XLF,2021-02-28,0.11606223281247097,1.263435592530246,0.0,common-window
XLF,2021-03-31,0.058524178596191856,1.3373771227922717,0.0,common-window
XLF,2021-04-30,0.06490421945161429,1.4241785410595498,0.0,common-window
XLF,2021-05-31,0.047711034450705236,1.492127572495997,0.0,common-window
XLF,2021-06-30,-0.030393743698738374,1.446776229491733,-0.030393743698738374,common-window
XLF,2021-07-31,-0.004633373033292365,1.4400727755247975,-0.034886291179596296,common-window
XLF,2021-08-31,0.051478670537615345,1.514205807486228,0.0,common-window
XLF,2021-09-30,-0.01842499611191828,1.48630657137065,-0.01842499611191828,common-window
XLF,2021-10-31,0.07274177209261712,1.594423145245053,0.0,common-window
XLF,2021-11-30,-0.05712839036359785,1.5033363173987382,-0.05712839036359785,common-window
XLF,2021-12-31,0.03364259001024483,1.5539124447724952,-0.02540774736830076,common-window
XLF,2022-01-31,0.00025641962223432735,1.554310898414569,-0.02515784279104838,common-window
XLF,2022-02-28,-0.013825008232098868,1.5328225374487467,-0.03863504363945913,common-window
XLF,2022-03-31,-0.0012997383334956147,1.5308302692383786,-0.039884566525720255,common-window
XLF,2022-04-30,-0.09942584102115393,1.3786261822587134,-0.13534485097629023,common-window
XLF,2022-05-31,0.027817860772909153,1.4169766134546735,-0.1112919944241697,common-window
XLF,2022-06-30,-0.10860862992076825,1.2630807248375915,-0.207813353309379,common-window
XLF,2022-07-31,0.07186012400736574,1.3538458623557341,-0.15088672264121183,common-window
XLF,2022-08-31,-0.019578862963035126,1.327339099743599,-0.16751139513871327,common-window
XLF,2022-09-30,-0.07655954567684731,1.2257186213081135,-0.23124634450804582,common-window
XLF,2022-10-31,0.11923573597729753,1.3718680832208647,-0.13958343661022488,common-window
XLF,2022-11-30,0.06856980342849606,1.465936808017147,-0.08058484199196592,common-window
XLF,2022-12-31,-0.05220448097448005,1.389408337813226,-0.12858243311584483,common-window
XLF,2023-01-31,0.06900578744170915,1.485285554242104,-0.0684495777224654,common-window
XLF,2023-02-28,-0.022975950104460074,1.451159707456962,-0.08985283374450281,common-window
XLF,2023-03-31,-0.09547680292211647,1.3126076180595774,-0.17675077536720174,common-window
XLF,2023-04-30,0.03172611112756285,1.3542515532170212,-0.15063227898082154,common-window
XLF,2023-05-31,-0.04250825809398917,1.2966846786686863,-0.18673742128260817,common-window
XLF,2023-06-30,0.06616059304530464,1.3824741060021668,-0.13293148677311184,common-window
XLF,2023-07-31,0.04805708265239428,1.448911778379108,-0.09126270356767863,common-window
XLF,2023-08-31,-0.026889471419210165,1.4099513065254259,-0.11569816912766584,common-window
XLF,2023-09-30,-0.030882406034880794,1.366408617787897,-0.14300753732605387,common-window
XLF,2023-10-31,-0.024419426325497207,1.3330417032153008,-0.16393480162982677,common-window
XLF,2023-11-30,0.10939438978572436,1.4788689868974614,-0.07247395943304102,common-window
XLF,2023-12-31,0.05253888993850997,1.5565671218335428,-0.02374277087259158,common-window
XLF,2024-01-31,0.030850883097164328,1.604588592142119,0.0,common-window
XLF,2024-02-29,0.040764031145784196,1.6699980914883703,0.0,common-window
XLF,2024-03-31,0.04805591114906993,1.7502513713920518,0.0,common-window
XLF,2024-04-30,-0.041785302847249794,1.6771165877796206,-0.041785302847249794,common-window
XLF,2024-05-31,0.031714458740880414,1.7303054326064036,-0.011396042369493653,common-window
XLF,2024-06-30,-0.008819041866763189,1.7150457965539598,-0.020114582061484976,common-window
XLF,2024-07-31,0.06397467413113755,1.8247652925084767,0.0,common-window
XLF,2024-08-31,0.04572487694587801,1.908202460963536,0.0,common-window
XLF,2024-09-30,-0.005588975257091122,1.8975375646236903,-0.005588975257091122,common-window
XLF,2024-10-31,0.02559574984339008,1.9461064614462338,0.0,common-window
XLF,2024-11-30,0.10456117842964185,2.1495936464045924,0.0,common-window
XLF,2024-12-31,-0.054614091560507005,2.032195542181968,-0.054614091560507005,common-window
XLF,2025-01-31,0.06496984835505626,2.1642269783853516,0.0,common-window
XLF,2025-02-28,0.01379449754590234,2.194081402127464,0.0,common-window
XLF,2025-03-31,-0.0419524178626145,2.1020343823208214,-0.0419524178626145,common-window
XLF,2025-04-30,-0.02108019642973613,2.0577230846394396,-0.062148249083104234,common-window
XLF,2025-05-31,0.04511902698501413,2.150565548022973,-0.019833290625542066,common-window
XLF,2025-06-30,0.03119062106424897,2.2176430231051865,0.0,common-window
XLF,2025-07-31,0.0,2.2176430231051865,0.0,common-window
XLF,2025-08-31,0.030933841838727494,2.28624324163668,0.0,common-window
XLF,2025-09-30,0.0010619178187434297,2.2886710440729554,0.0,common-window
XLF,2025-10-31,-0.027844849033004992,2.224943344364534,-0.027844849033005104,common-window
XLF,2025-11-30,0.018331198203362264,2.265729221801332,-0.01002408027620949,common-window
XLF,2025-12-31,0.030591074912595273,2.3350403141571126,0.0,common-window
XLF,2026-01-31,-0.024283400035395974,2.2783375961096586,-0.024283400035395974,common-window
XLF,2026-02-28,-0.03761224500721849,2.192644204235625,-0.06098229185087489,common-window
XLF,2026-03-31,-0.041415536758238725,2.101834667597365,-0.0998722142593621,common-window
XLI,2018-06-30,-0.033889768741145465,0.9661102312588545,0.0,common-window
XLI,2018-07-31,0.0738519634216499,1.0374593687190652,0.0,common-window
XLI,2018-08-31,0.002339763775843995,1.039886778568904,0.0,common-window
XLI,2018-09-30,0.02177369843485022,1.0625289596918512,0.0,common-window
XLI,2018-10-31,-0.10867322235385057,0.9470605137978532,-0.10867322235385057,common-window
XLI,2018-11-30,0.03806534185962618,0.9831106960173217,-0.07474456385411088,common-window
XLI,2018-12-31,-0.10659028869308518,0.8783206431115754,-0.17336780790774764,common-window
XLI,2019-01-31,0.11426789860293352,0.9786844972995122,-0.0789102843998295,common-window
XLI,2019-02-28,0.06367584976655083,1.0410030643184083,-0.020259114047758042,common-window
XLI,2019-03-31,-0.011494973420682508,1.0290367617632192,-0.031521209490934954,common-window
XLI,2019-04-30,0.039717412122020734,1.0699074389188787,0.0,common-window
XLI,2019-05-31,-0.07640061676129484,0.988165850707979,-0.07640061676129484,common-window
XLI,2019-06-30,0.07920456245396168,1.0664330945452514,-0.003247331729124281,common-window
XLI,2019-07-31,0.005166730527926822,1.0719430669708299,0.0,common-window
XLI,2019-08-31,-0.026471223586708947,1.0435674223728224,-0.02647122358670906,common-window
XLI,2019-09-30,0.03011383012546265,1.0749932344546245,0.0,common-window
XLI,2019-10-31,0.011335932935019777,1.087179285666002,0.0,common-window
XLI,2019-11-30,0.04496230685490299,1.136061374314411,0.0,common-window
XLI,2019-12-31,-0.002011510078911094,1.133776175409716,-0.002011510078911094,common-window
XLI,2020-01-31,-0.004418665941861133,1.1287663972377395,-0.006421287829694755,common-window
XLI,2020-02-29,-0.09900133841457037,1.0170170131538108,-0.10478691015478014,common-window
XLI,2020-03-31,-0.18625931946020002,0.8275881164043367,-0.2715286910412137,common-window
XLI,2020-04-30,0.08812051597417003,0.9005156082359783,-0.2073354234233864,common-window
XLI,2020-05-31,0.05388558132129306,0.9490404152746718,-0.16462223192175907,common-window
XLI,2020-06-30,0.019727997955375942,0.9677630826467796,-0.148141901021145,common-window
XLI,2020-07-31,0.04410503381226216,1.0104463061291749,-0.11057067076243321,common-window
XLI,2020-08-31,0.08476225870807186,1.0960940173399116,-0.035180631855051714,common-window
XLI,2020-09-30,-0.0068216637732256835,1.0886168324897745,-0.04176230518643265,common-window
XLI,2020-10-31,-0.014419430510811071,1.0729195977207888,-0.055579547039636745,common-window
XLI,2020-11-30,0.16027409504272305,1.2448808152990907,0.0,common-window
XLI,2020-12-31,0.010068415131651465,1.2574147921369507,0.0,common-window
XLI,2021-01-31,-0.042687659468240935,1.2037386976798796,-0.042687659468240935,common-window
XLI,2021-02-28,0.0688921615166822,1.2866668584643226,0.0,common-window
XLI,2021-03-31,0.08986859874963127,1.4022978060921014,0.0,common-window
XLI,2021-04-30,0.03534794806296948,1.4518661561106612,0.0,common-window
XLI,2021-05-31,0.03129589413618361,1.4973036056322082,0.0,common-window
XLI,2021-06-30,-0.02279472693855744,1.4631729787977046,-0.02279472693855744,common-window
XLI,2021-07-31,0.009375019232888748,1.4768902536149762,-0.013633408709126105,common-window
XLI,2021-08-31,0.01112633867771029,1.4933226347665058,-0.0026587599540451867,common-window
XLI,2021-09-30,-0.060798089360878604,1.402531471773349,-0.06329520178964865,common-window
XLI,2021-10-31,0.06796810865371516,1.4978588832370952,0.0,common-window
XLI,2021-11-30,-0.03560144909600915,1.4445329364525246,-0.03560144909600915,common-window
XLI,2021-12-31,0.05397597552279265,1.5225030108723538,0.0,common-window
XLI,2022-01-31,-0.047916058714593146,1.4495506672102494,-0.047916058714593035,common-window
XLI,2022-02-28,-0.008437436792239628,1.437320175078514,-0.055949206790095185,common-window
XLI,2022-03-31,0.03436353697808836,1.486711580064177,-0.02350828244843295,common-window
XLI,2022-04-30,-0.07613122691622465,1.3735264034033323,-0.09784979497916524,common-window
XLI,2022-05-31,-0.004624941100500601,1.3671739246876096,-0.102022186541191,common-window
XLI,2022-06-30,-0.07366959377478555,1.266454777036394,-0.1681758472774717,common-window
XLI,2022-07-31,0.09503070768831279,1.386806870753407,-0.08912700937201867,common-window
XLI,2022-08-31,-0.02833522190960991,1.3475113903248375,-0.11493679769293252,common-window
XLI,2022-09-30,-0.10430973909698693,1.2069528287698355,-0.2072575094099266,common-window
XLI,2022-10-31,0.1389429438100669,1.374650407839004,-0.0971115340840174,common-window
XLI,2022-11-30,0.07811340174523229,1.4820290274057797,-0.0265838446147858,common-window
XLI,2022-12-31,-0.029898157035240458,1.437719090813617,-0.055687193689132886,common-window
XLI,2023-01-31,0.03706340754968118,1.4910058594183992,-0.02068774329445011,common-window
XLI,2023-02-28,-0.0086402102860349,1.478123255255314,-0.029149207128077448,common-window
XLI,2023-03-31,0.00619125503720408,1.487274693305022,-0.023138422266335557,common-window
XLI,2023-04-30,-0.011662466451949682,1.4699294020895184,-0.0345310376448531,common-window
XLI,2023-05-31,-0.03150006925828708,1.4236265241189061,-0.06494337682576679,common-window
XLI,2023-06-30,0.11253660979422286,1.5838366267563813,0.0,common-window
XLI,2023-07-31,0.028885590558047625,1.6295866830677055,0.0,common-window
XLI,2023-08-31,-0.01983339972933984,1.5972664389888147,-0.01983339972933984,common-window
XLI,2023-09-30,-0.0594754128272299,1.5022683581348755,-0.07812921291989983,common-window
XLI,2023-10-31,-0.029788843690740086,1.457517520832851,-0.10559067769928832,common-window
XLI,2023-11-30,0.0883489479820807,1.5862876604638838,-0.026570555008654684,common-window
XLI,2023-12-31,0.07065553363042243,1.6983676616053138,0.0,common-window
XLI,2024-01-31,-0.00964991862456055,1.6819785518762373,-0.00964991862456055,common-window
XLI,2024-02-29,0.07183979315337163,1.8028115431314338,0.0,common-window
XLI,2024-03-31,0.04420885251310369,1.8825117727506522,0.0,common-window
XLI,2024-04-30,-0.035249222948828374,1.8161546955691703,-0.035249222948828374,common-window
XLI,2024-05-31,0.0163758904588045,1.8458958459200545,-0.019450569903791792,common-window
XLI,2024-06-30,-0.00988845363569335,1.827642790431355,-0.029146687480803735,common-window
XLI,2024-07-31,0.04915058852663434,1.9174725091975164,0.0,common-window
XLI,2024-08-31,0.02815605808599697,1.9714609765447841,0.0,common-window
XLI,2024-09-30,0.03362015617184411,2.037741802462916,0.0,common-window
XLI,2024-10-31,-0.011887231424751787,2.0135186940731487,-0.011887231424751787,common-window
XLI,2024-11-30,0.07591727919288838,2.1663795549311997,0.0,common-window
XLI,2024-12-31,-0.08033194101451224,1.9923500803094214,-0.08033194101451224,common-window
XLI,2025-01-31,0.050015308808246894,2.0919980848302324,-0.034334459043272036,common-window
XLI,2025-02-28,-0.0146008480991896,2.0614531385698305,-0.0484339949214031,common-window
XLI,2025-03-31,-0.035629451525635236,1.9880046938967881,-0.08233776977279328,common-window
XLI,2025-04-30,0.0011443168771796408,1.9902796012199266,-0.08128767339519394,common-window
XLI,2025-05-31,0.08840115076529642,2.1662226083124634,-7.244650106630335e-05,common-window
XLI,2025-06-30,0.03605235788875394,2.2443200410540545,0.0,common-window
XLI,2025-07-31,0.03043648046336367,2.3126292441371317,0.0,common-window
XLI,2025-08-31,0.0,2.3126292441371317,0.0,common-window
XLI,2025-09-30,0.01879608069929084,2.356097610037473,0.0,common-window
XLI,2025-10-31,0.0053816515167699475,2.3687773063141893,0.0,common-window
XLI,2025-11-30,-0.008835303613214385,2.3478484396208112,-0.008835303613214385,common-window
XLI,2025-12-31,0.012761301027869765,2.3778100403266267,0.0,common-window
XLI,2026-01-31,0.06652918804195651,2.536003811627569,0.0,common-window
XLI,2026-02-28,0.07072048341141657,2.715351227119066,0.0,common-window
XLI,2026-03-31,-0.06254940651028462,2.5455076193957953,-0.06254940651028462,common-window
XLK,2018-06-30,-0.0026316021886055863,0.9973683978113944,0.0,common-window
XLK,2018-07-31,0.0208721156549192,1.0181855863610754,0.0,common-window
XLK,2018-08-31,0.06598998450257909,1.0853756374257921,0.0,common-window
XLK,2018-09-30,-0.0001925749813744826,1.0851666212326305,-0.0001925749813744826,common-window
XLK,2018-10-31,-0.08004784158367706,0.9983013754443069,-0.08022500135344945,common-window
XLK,2018-11-30,-0.019624628733601268,0.9787100815869688,-0.09827524422033662,common-window
XLK,2018-12-31,-0.08376503625907505,0.8967283961157141,-0.17380825108392572,common-window
XLK,2019-01-31,0.06937728405246069,0.9589409767709415,-0.11648931143757602,common-window
XLK,2019-02-28,0.0691007596870381,1.0252045267608438,-0.05543805166629445,common-window
XLK,2019-03-31,0.047686558301055504,1.0740930021967308,-0.01039514324812063,common-window
XLK,2019-04-30,0.063648956434748,1.142457900900418,0.0,common-window
XLK,2019-05-31,-0.08664740385454828,1.04346688977428,-0.08664740385454828,common-window
XLK,2019-06-30,0.08938277969140618,1.1367348608982513,-0.005009409972705603,common-window
XLK,2019-07-31,0.03498198550967846,1.1765001033305402,0.0,common-window
XLK,2019-08-31,-0.015352166287509794,1.1584382781069373,-0.015352166287509794,common-window
XLK,2019-09-30,0.01572906290923748,1.17665942665975,0.0,common-window
XLK,2019-10-31,0.038991187890459855,1.2225387754477213,0.0,common-window
XLK,2019-11-30,0.053663354492067494,1.2881443071348704,0.0,common-window
XLK,2019-12-31,0.043206253804003225,1.3438001970051214,0.0,common-window
XLK,2020-01-31,0.039925960672368754,1.3974527108222694,0.0,common-window
XLK,2020-02-29,-0.07300976397608272,1.2954250182373985,-0.07300976397608272,common-window
XLK,2020-03-31,-0.08577949039552246,1.184304120327384,-0.15252651402383943,common-window
XLK,2020-04-30,0.13736491660888084,1.3469859570557092,-0.0361133892944866,common-window
XLK,2020-05-31,0.07176461362690412,1.443651883824678,0.0,common-window
XLK,2020-06-30,0.06949019268776713,1.5439715314057127,0.0,common-window
XLK,2020-07-31,0.056847793731091834,1.6317429065497426,0.0,common-window
XLK,2020-08-31,0.11880828720151415,1.825607486430138,0.0,common-window
XLK,2020-09-30,-0.053351209028236424,1.7282091198180904,-0.053351209028236424,common-window
XLK,2020-10-31,-0.05004273234344747,1.6417248134015288,-0.1007241010980845,common-window
XLK,2020-11-30,0.11383732571652505,1.82861437572162,0.0,common-window
XLK,2020-12-31,0.05541630618276461,1.9299494298568143,0.0,common-window
XLK,2021-01-31,-0.008383381283897928,1.9137699279276832,-0.008383381283897928,common-window
XLK,2021-02-28,0.013651077864023309,1.9398949502276503,0.0,common-window
XLK,2021-03-31,0.018366498101118456,1.9755240271473757,0.0,common-window
XLK,2021-04-30,0.051878713980218594,2.078011673112804,0.0,common-window
XLK,2021-05-31,-0.009305813660003714,2.058674083699504,-0.009305813660003603,common-window
XLK,2021-06-30,0.06886367016347683,2.2004419367734847,0.0,common-window
XLK,2021-07-31,0.038872842856314094,2.2859793703961238,0.0,common-window
XLK,2021-08-31,0.03559331690234657,2.3673449585588595,0.0,common-window
XLK,2021-09-30,-0.05839946151698849,2.229093287754065,-0.05839946151698849,common-window
XLK,2021-10-31,0.08177042073493745,2.4113671837511395,0.0,common-window
XLK,2021-11-30,0.044512164630763795,2.5187023568194915,0.0,common-window
XLK,2021-12-31,0.032473249628925505,2.600492807193454,0.0,common-window
XLK,2022-01-31,-0.06844189142328405,2.4225101608364885,-0.06844189142328394,common-window
XLK,2022-02-28,-0.04877428720366306,2.304353954498058,-0.11387797415790579,common-window
XLK,2022-03-31,0.03344971836512056,2.3814339452895696,-0.08423744195635774,common-window
XLK,2022-04-30,-0.11017403984368701,2.119061746916128,-0.18513070251361463,common-window
XLK,2022-05-31,-0.006859077825460247,2.1045269374770745,-0.19071995444265188,common-window
XLK,2022-06-30,-0.09255718025804616,1.9097378583670952,-0.26562463349854315,common-window
XLK,2022-07-31,0.13451847903745806,2.1666328904348893,-0.16683757615419137,common-window
XLK,2022-08-31,-0.06212744717165841,2.032025519994018,-0.21859983062708266,common-window
XLK,2022-09-30,-0.1196711043899571,1.788850781867757,-0.3121108518664393,common-window
XLK,2022-10-31,0.07652823842409973,1.9257483810076699,-0.25946790712872325,common-window
XLK,2022-11-30,0.06326754076872665,2.047585745213382,-0.2126162627524394,common-window
XLK,2022-12-31,-0.08210289873108767,1.879473020130909,-0.2772627499941812,common-window
XLK,2023-01-31,0.09257489993449575,2.0534650468991122,-0.21035542139595986,common-window
XLK,2023-02-28,0.004118734991424677,2.061922725241443,-0.20710308463927474,common-window
XLK,2023-03-31,0.10858010205258783,2.285806505172709,-0.12101025665222498,common-window
XLK,2023-04-30,-0.0011918741138604583,2.2830821115699,-0.12205790177367004,common-window
XLK,2023-05-31,0.08917311513999926,2.486671655578995,-0.043769069962281026,common-window
XLK,2023-06-30,0.06053181416915265,2.637194402134202,0.0,common-window
XLK,2023-07-31,0.0258253782346356,2.7053009450475813,0.0,common-window
XLK,2023-08-31,-0.01508270572879733,2.6644976869855914,-0.01508270572879733,common-window
XLK,2023-09-30,-0.06478327072621926,2.491882811980219,-0.07888886944650397,common-window
XLK,2023-10-31,0.00048786757826002614,2.4930985208130076,-0.07843948918993238,common-window
XLK,2023-11-30,0.12895556750856008,2.8145974554192006,0.0,common-window
XLK,2023-12-31,0.04182666356400078,2.932322676255112,0.0,common-window
XLK,2024-01-31,0.027015993402556893,3.011542286330988,0.0,common-window
XLK,2024-02-29,0.04704574249191995,3.1532225292372438,0.0,common-window
XLK,2024-03-31,0.007894110043713098,3.178114414875358,0.0,common-window
XLK,2024-04-30,-0.057617616493075285,2.9949990373479554,-0.057617616493075285,common-window
XLK,2024-05-31,0.07076992057804765,3.206954881352399,0.0,common-window
XLK,2024-06-30,0.07835407151137241,3.45823285345963,0.0,common-window
XLK,2024-07-31,-0.03284267943853236,3.344655220429654,-0.03284267943853236,common-window
XLK,2024-08-31,0.006992622423174888,3.3680431315218193,-0.026079713472036525,common-window
XLK,2024-09-30,0.026485371046715667,3.457247003561517,-0.00028507331341975917,common-window
XLK,2024-10-31,-0.01559167604693168,3.4033427282677606,-0.015872304589598984,common-window
XLK,2024-11-30,0.05170074834228022,3.5792980941844617,0.0,common-window
XLK,2024-12-31,-0.0035467836382364615,3.5666030982676373,-0.0035467836382364615,common-window
XLK,2025-01-31,-0.007354287556777139,3.5403732734820847,-0.010874987128236313,common-window
XLK,2025-02-28,-0.022875971123516803,3.459383796711438,-0.03350218236023894,common-window
XLK,2025-03-31,-0.08286024706258066,3.17273840063164,-0.11358643031531457,common-window
XLK,2025-04-30,0.01690245832952586,3.226365479238803,-0.0986038618909929,common-window
XLK,2025-05-31,0.09972849933581118,3.548126066792154,-0.008708977730286005,common-window
XLK,2025-06-30,0.0984785507893593,3.897540379867795,0.0,common-window
XLK,2025-07-31,0.03755487097382737,4.043912005949012,0.0,common-window
XLK,2025-08-31,-0.0011037352749879714,4.039448597619098,-0.0011037352749879714,common-window
XLK,2025-09-30,0.07533702522272834,4.3437686385038425,0.0,common-window
XLK,2025-10-31,0.06677076556061601,4.633805395914939,0.0,common-window
XLK,2025-11-30,-0.0480909272029405,4.410961397947401,-0.0480909272029405,common-window
XLK,2025-12-31,0.007535249837874458,4.444199094106154,-0.04091805451647523,common-window
XLK,2026-01-31,-0.0006251047935511567,4.441421003948933,-0.04151758123800531,common-window
XLK,2026-02-28,-0.03558528080497847,4.283371790350281,-0.07562544725628584,common-window
XLK,2026-03-31,0.00014416455212495904,4.283989300726022,-0.07549218521289369,common-window
XLRE,2018-06-30,0.04461567039347347,1.0446156703934735,0.0,common-window
XLRE,2018-07-31,0.010394763568120302,1.0554742033067672,0.0,common-window
XLRE,2018-08-31,0.02420562802608539,1.0810226192631396,0.0,common-window
XLRE,2018-09-30,-0.026460810970563853,1.0524178840799139,-0.026460810970563853,common-window
XLRE,2018-10-31,-0.015946318931758907,1.0356356928508887,-0.04198517737139307,common-window
XLRE,2018-11-30,0.05484604767406975,1.0924362174339568,0.0,common-window
XLRE,2018-12-31,-0.07344356485052261,1.0122038072537864,-0.0734435648505225,common-window
XLRE,2019-01-31,0.10741965476740734,1.1209343907832434,0.0,common-window
XLRE,2019-02-28,0.01106839375199331,1.1333413339905831,0.0,common-window
XLRE,2019-03-31,0.04948220612664933,1.1894215634909568,0.0,common-window
XLRE,2019-04-30,-0.005245752925685188,1.183182151844401,-0.005245752925685299,common-window
XLRE,2019-05-31,0.012212380051521698,1.1976316219529022,0.0,common-window
XLRE,2019-06-30,0.016223454360408507,1.217061343912237,0.0,common-window
XLRE,2019-07-31,0.017405554465674378,1.2382449714217685,0.0,common-window
XLRE,2019-08-31,0.04811529715202645,1.2978234961687294,0.0,common-window
XLRE,2019-09-30,0.010032156686754279,1.3108434648340452,0.0,common-window
XLRE,2019-10-31,-0.00025431675544862475,1.3105100953771676,-0.00025431675544862475,common-window
XLRE,2019-11-30,-0.017289777196296097,1.2878516678145995,-0.017539696871705868,common-window
XLRE,2019-12-31,0.011406929784038455,1.3025421013616174,-0.006332841178316229,common-window
XLRE,2020-01-31,0.014481453522516619,1.3214048042636068,0.0,common-window
XLRE,2020-02-29,-0.0621973512963917,1.2392169254480836,-0.0621973512963917,common-window
XLRE,2020-03-31,-0.15106558728481712,1.0520138928319833,-0.20386705918005943,common-window
XLRE,2020-04-30,0.09419338894167018,1.151106646611547,-0.12887659943613095,common-window
XLRE,2020-05-31,0.021521227281177113,1.1758798743781476,-0.11012895474264417,common-window
XLRE,2020-06-30,0.01234995028104513,1.1904019323631994,-0.09913909157717404,common-window
XLRE,2020-07-31,0.04165438691033141,1.2399873950326623,-0.06161428274533698,common-window
XLRE,2020-08-31,-0.00027576214969138313,1.239645453443018,-0.06187305400796683,common-window
XLRE,2020-09-30,-0.021177942103538072,1.2133923138010876,-0.08174065215595494,common-window
XLRE,2020-10-31,-0.03175479897061617,1.1748612848038433,-0.11089979314963161,common-window
XLRE,2020-11-30,0.06881395469015117,1.2557081360235478,-0.04971729180042639,common-window
XLRE,2020-12-31,0.014618926029819956,1.274065240379119,-0.03582517918183992,common-window
XLRE,2021-01-31,0.005470561090216153,1.281035092109534,-0.03055060192290593,common-window
XLRE,2021-02-28,0.015777856657784195,1.3012470801664295,-0.015254768283070375,common-window
XLRE,2021-03-31,0.06813880629506563,1.3899125029039097,0.0,common-window
XLRE,2021-04-30,0.0830586770031374,1.5053567965452277,0.0,common-window
XLRE,2021-05-31,0.011456858139163861,1.5226034558120725,0.0,common-window
XLRE,2021-06-30,0.03136504853867472,1.570359987108772,0.0,common-window
XLRE,2021-07-31,0.04624394985122282,1.642979635600997,0.0,common-window
XLRE,2021-08-31,0.028029379209964178,1.689031334841506,0.0,common-window
XLRE,2021-09-30,-0.06252068483784856,1.5834319390746296,-0.06252068483784856,common-window
XLRE,2021-10-31,0.07581521741829689,1.703480175802648,0.0,common-window
XLRE,2021-11-30,-0.008991815172193496,1.688162796912335,-0.008991815172193496,common-window
XLRE,2021-12-31,0.10263150539177235,1.8614214861058327,0.0,common-window
XLRE,2022-01-31,-0.08627667461569777,1.7008242302264112,-0.08627667461569777,common-window
XLRE,2022-02-28,-0.047950902939181916,1.6192681726462157,-0.13009053310446705,common-window
XLRE,2022-03-31,0.0782511822971168,1.745977821611874,-0.062019088828436875,common-window
XLRE,2022-04-30,-0.035595923354392545,1.6838281288953085,-0.09540738545038308,common-window
XLRE,2022-05-31,-0.051072999098310645,1.5978299763865282,-0.1416076432376142,common-window
XLRE,2022-06-30,-0.06854724831452363,1.4883031282307715,-0.2004480772678946,common-window
XLRE,2022-07-31,0.08516869488023615,1.615059963248359,-0.13235128351981773,common-window
XLRE,2022-08-31,-0.0561570106520628,1.5243630236885009,-0.18107584173344393,common-window
XLRE,2022-09-30,-0.13171296993730253,1.3235846425758817,-0.2889387747721377,common-window
XLRE,2022-10-31,0.019994174757973715,1.350048625226514,-0.27472169237131294,common-window
XLRE,2022-11-30,0.0683366898301061,1.4423064793841796,-0.225158573622387,common-window
XLRE,2022-12-31,-0.048182687031238514,1.3728122776848841,-0.26249251556837794,common-window
XLRE,2023-01-31,0.09910620673662374,1.5088664950876975,-0.1894009463464903,common-window
XLRE,2023-02-28,-0.058635029721399445,1.4203940633026066,-0.2369304459496021,common-window
XLRE,2023-03-31,-0.014760596669301074,1.3994281994227271,-0.2481938078675635,common-window
XLRE,2023-04-30,0.009898508536297479,1.4132804514006483,-0.24075204785709936,common-window
XLRE,2023-05-31,-0.045297967696377506,1.3492617191671799,-0.27514443706680924,common-window
XLRE,2023-06-30,0.05583940316734548,1.4246036882820217,-0.23466893505008968,common-window
XLRE,2023-07-31,0.013266226221964494,1.443502803087416,-0.22451588000776712,common-window
XLRE,2023-08-31,-0.030636496708587257,1.399278934211792,-0.24827399669747086,common-window
XLRE,2023-09-30,-0.07234921373943093,1.29804220351942,-0.3026607819838937,common-window
XLRE,2023-10-31,-0.02847083993167332,1.261085851718462,-0.3225146152381084,common-window
XLRE,2023-11-30,0.12477366611349794,1.4184361567212376,-0.23798228004305355,common-window
XLRE,2023-12-31,0.0874594110166067,1.5424917475527362,-0.1713366590714015,common-window
XLRE,2024-01-31,-0.048177650139376804,1.4681781197962647,-0.2112597115939865,common-window
XLRE,2024-02-29,0.025701494011558745,1.50591249095011,-0.1909879077948442,common-window
XLRE,2024-03-31,0.01762038756434281,1.532447252678636,-0.17673280118594947,common-window
XLRE,2024-04-30,-0.08449288258967202,1.4029663668831944,-0.2462930199552733,common-window
XLRE,2024-05-31,0.05139535157478403,1.4750723165567536,-0.20755598473150583,common-window
XLRE,2024-06-30,0.01971672482795528,1.5041559115236376,-0.19193158414089695,common-window
XLRE,2024-07-31,0.07237707200533205,1.6130223122392298,-0.13344595822102812,common-window
XLRE,2024-08-31,0.057295400003763985,1.7054410708339727,-0.08379639777242354,common-window
XLRE,2024-09-30,0.03290733303870019,1.7615625881297836,-0.053646580702663926,common-window
XLRE,2024-10-31,-0.03290798792322858,1.7035931077535975,-0.08478916759600663,common-window
XLRE,2024-11-30,0.0416665935748306,1.7745760293912494,-0.046655449806947025,common-window
XLRE,2024-12-31,-0.08650272605546738,1.621070365256219,-0.12912235226876945,common-window
XLRE,2025-01-31,0.018440960178466748,1.6509644593084016,-0.11306253224664098,common-window
XLRE,2025-02-28,0.041767366708204134,1.7199208973025477,-0.07601748978374034,common-window
XLRE,2025-03-31,-0.023919673208758874,1.6787809514941554,-0.09811884947872207,common-window
XLRE,2025-04-30,-0.0131422384603479,1.6567180119069296,-0.10997158662176554,common-window
XLRE,2025-05-31,0.010411654688553318,1.6739671877632112,-0.10070491811867033,common-window
XLRE,2025-06-30,0.001549972859501425,1.6765617914719402,-0.09931103514907114,common-window
XLRE,2025-07-31,-0.00024129247960180678,1.6761572497200703,-0.09952836462274994,common-window
XLRE,2025-08-31,0.021733857160726622,1.7125866119644026,-0.07995764272217487,common-window
XLRE,2025-09-30,0.0033457007346049394,1.7183164142501266,-0.07687945633156279,common-window
XLRE,2025-10-31,-0.029195318401890158,1.6681496194209,-0.10383025452728878,common-window
XLRE,2025-11-30,0.018826338091116446,1.699554768142685,-0.0869586599119897,common-window
XLRE,2025-12-31,-0.021094729251392663,1.6637031204608017,-0.10621901977647508,common-window
XLRE,2026-01-31,0.026765845647983566,1.7082335413871241,-0.08229621601670867,common-window
XLRE,2026-02-28,0.05817040380545291,1.807602176283632,-0.028913016328608543,common-window
XLRE,2026-03-31,-0.028740837526179286,1.755650175823096,-0.05682286955009552,common-window
XLU,2018-06-30,0.028138271468096443,1.0281382714680964,0.0,common-window
XLU,2018-07-31,0.015973669477367336,1.0445614123935596,0.0,common-window
XLU,2018-08-31,0.012881338008907228,1.0580167610176625,0.0,common-window
XLU,2018-09-30,-0.006483257064944681,1.0511573663769649,-0.006483257064944681,common-window
XLU,2018-10-31,0.019752952870876417,1.0719208282948836,0.0,common-window
XLU,2018-11-30,0.03538829270588639,1.109854276324119,0.0,common-window
XLU,2018-12-31,-0.03994448911362103,1.0655217142657845,-0.03994448911362103,common-window
XLU,2019-01-31,0.034769330959748546,1.1025691913938902,-0.006564001315882084,common-window
XLU,2019-02-28,0.041088493079596056,1.1478720979842538,0.0,common-window
XLU,2019-03-31,0.027914517482014567,1.179914393730552,0.0,common-window
XLU,2019-04-30,0.00928336004297936,1.1908679638674464,0.0,common-window
XLU,2019-05-31,-0.007835282699246604,1.1815371767130687,-0.007835282699246715,common-window
XLU,2019-06-30,0.03186303568254356,1.2191845379349289,0.0,common-window
XLU,2019-07-31,-0.0013416986442487122,1.2175487596932926,-0.0013416986442487122,common-window
XLU,2019-08-31,0.050881802657023245,1.2794998354093101,0.0,common-window
XLU,2019-09-30,0.04251629149795155,1.3338994233831534,0.0,common-window
XLU,2019-10-31,-0.007568627217816815,1.3238036359015055,-0.007568627217816815,common-window
XLU,2019-11-30,-0.01867703184803038,1.2990789132332348,-0.026104299574254086,common-window
XLU,2019-12-31,0.032905141930437365,1.3418252892520126,0.0,common-window
XLU,2020-01-31,0.06747153213938262,1.4323602973812162,0.0,common-window
XLU,2020-02-29,-0.09857947470737305,1.2911589716736793,-0.09857947470737294,common-window
XLU,2020-03-31,-0.09995606269986668,1.1620998045455697,-0.18868192125246952,common-window
XLU,2020-04-30,0.033387692121231716,1.2008996350338808,-0.16159388302685773,common-window
XLU,2020-05-31,0.04243791753889958,1.2518633147179432,-0.1260136733706425,common-window
XLU,2020-06-30,-0.046722764352623125,1.193372800062683,-0.16684873055716065,common-window
XLU,2020-07-31,0.07797289950332575,1.2864235374719732,-0.10188551035382587,common-window
XLU,2020-08-31,-0.025974087711848393,1.2530098596750898,-0.1252132148831776,common-window
XLU,2020-09-30,0.01081330839864858,1.266559041714304,-0.11575387559264705,common-window
XLU,2020-10-31,0.050522029816695735,1.3305481753843997,-0.071079966530041,common-window
XLU,2020-11-30,0.0073738969119456765,1.3403595004660618,-0.06423020596379236,common-window
XLU,2020-12-31,0.006204527188266251,1.3486757974287544,-0.05842419683473643,common-window
XLU,2021-01-31,-0.008771910558394658,1.336845333961438,-0.06668361556405067,common-window
XLU,2021-02-28,-0.06098140024549403,1.2553226335848142,-0.12359855555901667,common-window
XLU,2021-03-31,0.10552052282503155,1.3877849341947792,-0.031120216936991407,common-window
XLU,2021-04-30,0.04184894966572483,1.4458622760527478,0.0,common-window
XLU,2021-05-31,-0.023381283315518364,1.4120561605411381,-0.023381283315518475,common-window
XLU,2021-06-30,-0.022082914429873868,1.380873845177732,-0.044947870866674955,common-window
XLU,2021-07-31,0.04333371276771314,1.4407122357531115,-0.0035619162246186553,common-window
XLU,2021-08-31,0.03895708624038452,1.4968381865689226,0.0,common-window
XLU,2021-09-30,-0.060932044246825634,1.4056327759545668,-0.060932044246825634,common-window
XLU,2021-10-31,0.04743255235089383,1.472305526186164,-0.01638965427451633,common-window
XLU,2021-11-30,-0.017038135538219756,1.447220185077334,-0.03314854066178241,common-window
XLU,2021-12-31,0.0968930202045164,1.5874457197104161,0.0,common-window
XLU,2022-01-31,-0.03255107705729832,1.535772651763844,-0.03255107705729832,common-window
XLU,2022-02-28,-0.01906155182988789,1.5064984417633231,-0.050992154844739845,common-window
XLU,2022-03-31,0.1034529213770281,1.6623501066136797,0.0,common-window
XLU,2022-04-30,-0.04297645513466508,1.5909081918386911,-0.04297645513466508,common-window
XLU,2022-05-31,0.04308192375962183,1.6594475772680435,-0.0017460397386136473,common-window
XLU,2022-06-30,-0.04895452839997083,1.5782101037184122,-0.05061509158661315,common-window
XLU,2022-07-31,0.05447010083050752,1.6641753671996797,0.0,common-window
XLU,2022-08-31,0.005273829758134285,1.6729519447739714,0.0,common-window
XLU,2022-09-30,-0.11280985485750661,1.4842264787004362,-0.11280985485750661,common-window
XLU,2022-10-31,0.01938632805073759,1.5130001801181139,-0.09561049566039281,common-window
XLU,2022-11-30,0.06963156188889741,1.6183527457979212,-0.032636441917300196,common-window
XLU,2022-12-31,-0.004944075080789312,1.6103514883154948,-0.03741915997888057,common-window
XLU,2023-01-31,-0.020000118673937473,1.578144267442433,-0.0566708910125614,common-window
XLU,2023-02-28,-0.05919789729132763,1.4847214451874784,-0.11251399071831936,common-window
XLU,2023-03-31,0.04906012863704312,1.5575620702785526,-0.0689738129393841,common-window
XLU,2023-04-30,0.019057645069703533,1.587245535387954,-0.051230646315783446,common-window
XLU,2023-05-31,-0.058712710449791095,1.4940540478559974,-0.10693546666228027,common-window
XLU,2023-06-30,0.01596105758794919,1.5179007305533356,-0.09268121221592196,common-window
XLU,2023-07-31,0.024908390550550497,1.555709194766924,-0.07008136149594413,common-window
XLU,2023-08-31,-0.061279282434442695,1.4603764516349422,-0.1270661083858865,common-window
XLU,2023-09-30,-0.05642424917351274,1.377975806840762,-0.1763207477983254,common-window
XLU,2023-10-31,0.012896673089242139,1.3957471103464718,-0.1656980257522891,common-window
XLU,2023-11-30,0.05143229723798637,1.467533590594872,-0.1227879586265419,common-window
XLU,2023-12-31,0.01858830362293662,1.494812550553708,-0.106482074859796,common-window
XLU,2024-01-31,-0.029685732520296826,1.450437945009988,-0.13300680898759865,common-window
XLU,2024-02-29,0.010577595295924391,1.4657800905941558,-0.1238361058887475,common-window
XLU,2024-03-31,0.06590006498734802,1.5623750938214716,-0.06609684832724805,common-window
XLU,2024-04-30,0.016603091834593853,1.5883153509842716,-0.05059116853540868,common-window
XLU,2024-05-31,0.08960164559816208,1.7306310201612847,0.0,common-window
XLU,2024-06-30,-0.05542647976983672,1.6347082349332633,-0.05542647976983672,common-window
XLU,2024-07-31,0.0682419635205036,1.746263934668246,0.0,common-window
XLU,2024-08-31,0.04808355246367868,1.8302305081862966,0.0,common-window
XLU,2024-09-30,0.06602950859590151,1.951079729259065,0.0,common-window
XLU,2024-10-31,-0.010770007280566096,1.93006658636998,-0.010770007280566096,common-window
XLU,2024-11-30,0.037792680289632674,2.003008975806363,0.0,common-window
XLU,2024-12-31,-0.07974115312324093,1.843286730359362,-0.07974115312324093,common-window
XLU,2025-01-31,0.0289337062255548,1.8966198471050433,-0.053114653996240935,common-window
XLU,2025-02-28,0.01720597718753769,1.9292530449277638,-0.036822566333686524,common-window
XLU,2025-03-31,0.0023939196995312884,1.9338715217973972,-0.034516796901088775,common-window
XLU,2025-04-30,0.0006341331428596497,1.9350978538234014,-0.03390455200312936,common-window
XLU,2025-05-31,0.03827630229208845,2.0091662442411176,0.0,common-window
XLU,2025-06-30,0.003747341824213546,2.01669527693996,0.0,common-window
XLU,2025-07-31,0.049105936329566724,2.115726986805512,0.0,common-window
XLU,2025-08-31,-0.015758134579095806,2.082387076214806,-0.015758134579095806,common-window
XLU,2025-09-30,0.04123623635566043,2.1682568818735724,0.0,common-window
XLU,2025-10-31,0.02167174094282931,2.215246783315043,0.0,common-window
XLU,2025-11-30,0.01717172466577721,2.2532863911448775,0.0,common-window
XLU,2025-12-31,-0.050870001927787456,2.13866170808348,-0.050870001927787456,common-window
XLU,2026-01-31,0.013117858779706282,2.1667163703476846,-0.038419448649493426,common-window
XLU,2026-02-28,0.10358380444477056,2.3911530951410622,0.0,common-window
XLU,2026-03-31,-0.009847082028300091,2.3676072144709845,-0.009847082028300091,common-window
XLV,2018-06-30,0.01649316136953871,1.0164931613695387,0.0,common-window
XLV,2018-07-31,0.06554056314944035,1.0831146956032531,0.0,common-window
XLV,2018-08-31,0.04329215801717168,1.1300050681560299,0.0,common-window
XLV,2018-09-30,0.029542688871801115,1.1633884563081218,0.0,common-window
XLV,2018-10-31,-0.06778829544355713,1.084524335916283,-0.06778829544355713,common-window
XLV,2018-11-30,0.0808348613470038,1.1721917102375272,0.0,common-window
XLV,2018-12-31,-0.09353645574490954,1.062549052208345,-0.09353645574490954,common-window
XLV,2019-01-31,0.048086693217079146,1.1136435225099859,-0.04994762137984876,common-window
XLV,2019-02-28,0.010808596416212346,1.1256804458963254,-0.039678888645080956,common-window
XLV,2019-03-31,0.004819192315866916,1.1311053164513107,-0.03505091652447445,common-window
XLV,2019-04-30,-0.027139025872137013,1.1004082200040268,-0.06123869466621168,common-window
XLV,2019-05-31,-0.022182643575041072,1.075998256672632,-0.08206290210447142,common-window
XLV,2019-06-30,0.06594049767798826,1.1469501172182732,-0.021533673032152034,common-window
XLV,2019-07-31,-0.016191839400618413,1.1283788851197545,-0.037376842657328435,common-window
XLV,2019-08-31,-0.005924841544119097,1.1216934190236902,-0.04308023233128333,common-window
XLV,2019-09-30,-0.0010557471405082675,1.120509194404029,-0.0440904976396953,common-window
XLV,2019-10-31,0.05125968991334595,1.1779461482542326,0.0,common-window
XLV,2019-11-30,0.05002572733756949,1.236873761085139,0.0,common-window
XLV,2019-12-31,0.034753024208614036,1.2798588648471303,0.0,common-window
XLV,2020-01-31,-0.026703305818205347,1.2456824021749762,-0.026703305818205347,common-window
XLV,2020-02-29,-0.06586652995068698,1.1636336249230743,-0.09081098167643531,common-window
XLV,2020-03-31,-0.038873768548590704,1.118398800712457,-0.126154585141666,common-window
XLV,2020-04-30,0.12587508488519372,1.2591773446876364,-0.016159219369835887,common-window
XLV,2020-05-31,0.032889020277043546,1.300590453909462,0.0,common-window
XLV,2020-06-30,-0.024425813169079102,1.2688224744727816,-0.024425813169079102,common-window
XLV,2020-07-31,0.054561882215978796,1.3380518168779523,0.0,common-window
XLV,2020-08-31,0.025869494425596606,1.3726665408958358,0.0,common-window
XLV,2020-09-30,-0.02180458886749348,1.3427361113194378,-0.02180458886749337,common-window
XLV,2020-10-31,-0.036215522788163534,1.2941082210814587,-0.05723044707063962,common-window
XLV,2020-11-30,0.07948062171222658,1.3969647470559166,0.0,common-window
XLV,2020-12-31,0.03797837141940463,1.4500191930794208,0.0,common-window
XLV,2021-01-31,0.01401619332037396,1.4703429424078747,0.0,common-window
XLV,2021-02-28,-0.021038072097834926,1.439409761576955,-0.021038072097834926,common-window
XLV,2021-03-31,0.040273134771075636,1.4973793048957456,0.0,common-window
XLV,2021-04-30,0.03931834802863321,1.5562537855365093,0.0,common-window
XLV,2021-05-31,0.01870931365358941,1.5853702257346978,0.0,common-window
XLV,2021-06-30,0.022989444670721726,1.6218170068218352,0.0,common-window
XLV,2021-07-31,0.04922589502559882,1.7016524005503777,0.0,common-window
XLV,2021-08-31,0.023155455503953704,1.741054936994518,0.0,common-window
XLV,2021-09-30,-0.05518420854813966,1.6449761982576445,-0.05518420854813966,common-window
XLV,2021-10-31,0.05121764622857339,1.7292280072344282,-0.00679296759038861,common-window
XLV,2021-11-30,-0.030563472563672422,1.6763767944789847,-0.037148823475486314,common-window
XLV,2021-12-31,0.09019846149212385,1.8275834022220874,0.0,common-window
XLV,2022-01-31,-0.06856416221159989,1.7022766773769045,-0.0685641622116,common-window
XLV,2022-02-28,-0.009677466394669598,1.6858029520371596,-0.07757810123058817,common-window
XLV,2022-03-31,0.05738160016978067,1.7825370229959918,-0.024648056647551875,common-window
XLV,2022-04-30,-0.04890882452565304,1.695355232527801,-0.07235137369573141,common-window
XLV,2022-05-31,0.014889983395483641,1.7205990437895862,-0.05853870105321768,common-window
XLV,2022-06-30,-0.026080507184308876,1.675724948066717,-0.08309248922414791,common-window
XLV,2022-07-31,0.03243921099146996,1.7300841432207232,-0.0533487330224266,common-window
XLV,2022-08-31,-0.05770398214697725,1.6302513987075462,-0.10797428083151384,common-window
XLV,2022-09-30,-0.025386699011858305,1.5888646971348968,-0.13061986927488067,common-window
XLV,2022-10-31,0.09611095388163671,1.7415719987653895,-0.04706291562514742,common-window
XLV,2022-11-30,0.04723163447053036,1.8238292908151874,-0.0020541395825413034,common-window
XLV,2022-12-31,-0.01877713263463887,1.7895830063186113,-0.0207927013657887,common-window
XLV,2023-01-31,-0.018329054002207523,1.7567816427543645,-0.03874064482181094,common-window
XLV,2023-02-28,-0.046415656291955765,1.6752394698442605,-0.0833581286591889,common-window
XLV,2023-03-31,0.021978049001176947,1.7120579650012033,-0.06321212869433002,common-window
XLV,2023-04-30,0.03143822910870897,1.7658820355523013,-0.0337611769699625,common-window
XLV,2023-05-31,-0.04268694335357315,1.6905019291315877,-0.0750069588746689,common-window
XLV,2023-06-30,0.04260616659535077,1.76252773595393,-0.03559655126494299,common-window
XLV,2023-07-31,0.010698278275337536,1.7813837481411658,-0.025279094800680024,common-window
XLV,2023-08-31,-0.007006703755713661,1.768902119942698,-0.032108675427912736,common-window
XLV,2023-09-30,-0.029591938189842848,1.7165568777454716,-0.06075045567913506,common-window
XLV,2023-10-31,-0.032624034918170675,1.6605558662268773,-0.0913925656099348,common-window
XLV,2023-11-30,0.05436023726104788,1.7508240771001953,-0.04200044989933893,common-window
XLV,2023-12-31,0.043261071165675125,1.8265666020982043,-0.0005563631857494755,common-window
XLV,2024-01-31,0.029329594884855092,1.8801390605679509,0.0,common-window
XLV,2024-02-29,0.03162863029160312,1.9396052838114566,0.0,common-window
XLV,2024-03-31,0.023777384722946993,1.9857240248553023,0.0,common-window
XLV,2024-04-30,-0.050091394335732176,1.8862563396843381,-0.050091394335732176,common-window
XLV,2024-05-31,0.024014758945768433,1.931554330991785,-0.027279568150193723,common-window
XLV,2024-06-30,0.018240138213324153,1.9667861489556202,-0.009537013030328834,common-window
XLV,2024-07-31,0.026621052775175125,2.019144066824451,0.0,common-window
XLV,2024-08-31,0.050591300803174644,2.1212951916741125,0.0,common-window
XLV,2024-09-30,-0.016574674771753117,2.0861354137772303,-0.016574674771753117,common-window
XLV,2024-10-31,-0.0464225958244292,1.9892915926284216,-0.06222783116833186,common-window
XLV,2024-11-30,0.0036767228113563366,1.9966056664054779,-0.058779902843333454,common-window
XLV,2024-12-31,-0.06252714692282324,1.8717636105552011,-0.11763171014496232,common-window
XLV,2025-01-31,0.06760196163635235,1.9982985023482742,-0.05798188286504813,common-window
XLV,2025-02-28,0.014025943820106024,2.026326524878013,-0.04476918967659127,common-window
XLV,2025-03-31,-0.01581336527805144,1.9942834833675125,-0.05987460340508444,common-window
XLV,2025-04-30,-0.03794268898118036,1.918615005417794,-0.09554548893139414,common-window
XLV,2025-05-31,-0.055741423430803905,1.8116686740001067,-0.14596107080677,common-window
XLV,2025-06-30,0.021060482593884933,1.8498232905747725,-0.12797459880399586,common-window
XLV,2025-07-31,-0.03234660743783535,1.7899877827651856,-0.1561816621323039,common-window
XLV,2025-08-31,0.053668616970928174,1.8860539514610513,-0.11089509896423722,common-window
XLV,2025-09-30,0.01729211893956184,1.9186678207161463,-0.0955205912657795,common-window
XLV,2025-10-31,0.03650221262567488,1.9887034414659672,-0.0625050915726183,common-window
XLV,2025-11-30,0.09289421278969878,2.173442482133113,0.0,common-window
XLV,2025-12-31,-0.013896562382751054,2.143239103094829,-0.013896562382751054,common-window
XLV,2026-01-31,-0.000387581120225744,2.14240842408234,-0.014278757457761193,common-window
XLV,2026-02-28,0.03528493771004371,2.218003171875558,0.0,common-window
XLV,2026-03-31,-0.0573658090915905,2.0907656253532028,-0.0573658090915905,common-window
XLY,2018-06-30,0.03618669795089291,1.036186697950893,0.0,common-window
XLY,2018-07-31,0.018024120253594678,1.054863051599935,0.0,common-window
XLY,2018-08-31,0.051046528194300445,1.108710148104557,0.0,common-window
XLY,2018-09-30,0.005304523139258777,1.1145913267399086,0.0,common-window
XLY,2018-10-31,-0.10100675450408325,1.0020100742275102,-0.10100675450408325,common-window
XLY,2018-11-30,0.024767370638718145,1.0268272291196325,-0.07874105559118161,common-window
XLY,2018-12-31,-0.07956221890417015,0.9451305763396538,-0.15203846139366084,common-window
XLY,2019-01-31,0.09867699144803321,1.0383932181383966,-0.06836416790034194,common-window
XLY,2019-02-28,0.013145573564242063,1.052043492576045,-0.05611728053439202,common-window
XLY,2019-03-31,0.03655281528628529,1.0904986440333155,-0.021615709837848995,common-window
XLY,2019-04-30,0.054633639740739204,1.1500765540891964,0.0,common-window
XLY,2019-05-31,-0.07603909360332317,1.0626257753418207,-0.07603909360332317,common-window
XLY,2019-06-30,0.0781591257946308,1.1456796769893791,-0.003823116890944167,common-window
XLY,2019-07-31,0.012751617946056282,1.1602889465189088,0.0,common-window
XLY,2019-08-31,-0.009443262668314967,1.1493320332257884,-0.009443262668314856,common-window
XLY,2019-09-30,0.0127144087189075,1.163945110449954,0.0,common-window
XLY,2019-10-31,0.0012427198674147544,1.1653915681632905,0.0,common-window
XLY,2019-11-30,0.01323953710896486,1.180820813076463,0.0,common-window
XLY,2019-12-31,0.027631675581964332,1.2134488707038231,0.0,common-window
XLY,2020-01-31,-0.0007972215270433125,1.2124814831421316,-0.0007972215270434235,common-window
XLY,2020-02-29,-0.07572597254316227,1.1206651436406179,-0.07646282369473789,common-window
XLY,2020-03-31,-0.1491335147294175,0.953536411934745,-0.21419316878042338,common-window
XLY,2020-04-30,0.18882531586893525,1.1335882261108545,-0.06581294566341966,common-window
XLY,2020-05-31,0.06509460690496982,1.2073787060816425,-0.005002406585668306,common-window
XLY,2020-06-30,0.03073873060490495,1.244491994865985,0.0,common-window
XLY,2020-07-31,0.07274294897123723,1.3350200125436344,0.0,common-window
XLY,2020-08-31,0.09554734287841682,1.4625776274316895,0.0,common-window
XLY,2020-09-30,-0.01863364135436596,1.435324480469208,-0.01863364135436585,common-window
XLY,2020-10-31,-0.02728284155526073,1.3961647500881798,-0.04540810422495789,common-window
XLY,2020-11-30,0.09995137697339018,1.5357133393412026,0.0,common-window
XLY,2020-12-31,0.02427797716110458,1.5729973527197318,0.0,common-window
XLY,2021-01-31,0.007650674589048112,1.5850318435948247,0.0,common-window
XLY,2021-02-28,-0.005308652640015565,1.5766174601138163,-0.005308652640015565,common-window
XLY,2021-03-31,0.04459819180694313,1.6469317480061478,0.0,common-window
XLY,2021-04-30,0.06455631722355504,1.7532515963759767,0.0,common-window
XLY,2021-05-31,-0.03398169101080961,1.6936731423637197,-0.0339816910108095,common-window
XLY,2021-06-30,0.03456868019836912,1.752221187582658,-0.0005877130215928839,common-window
XLY,2021-07-31,0.010529442578957271,1.770671099962942,0.0,common-window
XLY,2021-08-31,0.017846241834640342,1.8022709246224893,0.0,common-window
XLY,2021-09-30,-0.021407894486084156,1.7636880988328336,-0.021407894486084156,common-window
XLY,2021-10-31,0.12092515725886344,1.9769623595397798,0.0,common-window
XLY,2021-11-30,0.016355871770858288,2.009297302388226,0.0,common-window
XLY,2021-12-31,0.0014974667210065906,2.0123061582311608,0.0,common-window
XLY,2022-01-31,-0.09533342997735306,1.820466110002434,-0.09533342997735306,common-window
XLY,2022-02-28,-0.04065984735386874,1.7464462358568438,-0.13211703462062196,common-window
XLY,2022-03-31,0.0442667889269488,1.8237558027517828,-0.09369864257887861,common-window
XLY,2022-04-30,-0.11956754790763502,1.6056937934344317,-0.2020628735510832,common-window
XLY,2022-05-31,-0.05120349948444469,1.5234766521101357,-0.2429200467938296,common-window
XLY,2022-06-30,-0.10833479723574424,1.3584311179103936,-0.32493815001566684,common-window
XLY,2022-07-31,0.18439028319200257,1.6089126164387197,-0.20046330432493853,common-window
XLY,2022-08-31,-0.044954884378239024,1.5365841357920271,-0.23640638403517011,common-window
XLY,2022-09-30,-0.0820637077087023,1.4104863444025613,-0.299069707343939,common-window
XLY,2022-10-31,0.011091231074972008,1.4261303743764226,-0.2912955275006429,common-window
XLY,2022-11-30,0.014858317821295985,1.4473202727335113,-0.2807653712068736,common-window
XLY,2022-12-31,-0.11394961637789869,1.282398682879572,-0.36272188124355065,common-window
XLY,2023-01-31,0.15128526550410282,1.4764067081011196,-0.2663110918475261,common-window
XLY,2023-02-28,-0.0212508771327774,1.4450317705492544,-0.28190262468835603,common-window
XLY,2023-03-31,0.03061920395361284,1.4892774930511523,-0.25991505469513465,common-window
XLY,2023-04-30,-0.011234313489869141,1.4725464828208092,-0.2682294009798222,common-window
XLY,2023-05-31,0.025361736062913476,1.509892818058482,-0.24967042818887242,common-window
XLY,2023-06-30,0.12229779366542792,1.6945493783783099,-0.15790677703444622,common-window
XLY,2023-07-31,0.023143622677378684,1.7337673897996841,-0.1384176892229536,common-window
XLY,2023-08-31,-0.01743986543856524,1.703530719819805,-0.15344356878715348,common-window
XLY,2023-09-30,-0.05532002049065354,1.6092913654929157,-0.2002750879083427,common-window
XLY,2023-10-31,-0.05516214961533994,1.520519394414921,-0.2443896331602572,common-window
XLY,2023-11-30,0.10966462234827534,1.6872665795766615,-0.16152590763833508,common-window
XLY,2023-12-31,0.06132154113786403,1.790732366546715,-0.11010938409054594,common-window
XLY,2024-01-31,-0.04412498329309211,1.711716330790442,-0.14937579265023004,common-window
XLY,2024-02-29,0.07892578776883163,1.8468148906348516,-0.0822396069899114,common-window
XLY,2024-03-31,-0.00064756189370474,1.84561896368695,-0.08283391364797621,common-window
XLY,2024-04-30,-0.044972695095272686,1.7626165047710036,-0.12408134440121033,common-window
XLY,2024-05-31,0.0019929861489094147,1.7661293750508513,-0.12233565065303065,common-window
XLY,2024-06-30,0.038770134415405444,1.8346024483165688,-0.08830848585723927,common-window
XLY,2024-07-31,0.027905905016368804,1.8857986899820887,-0.06286690905934189,common-window
XLY,2024-08-31,-0.0019734843024924453,1.8820770958697481,-0.06471632650365955,common-window
XLY,2024-09-30,0.07301953943059747,2.0195054985830336,0.0,common-window
XLY,2024-10-31,-0.01736784703064065,1.984431036006106,-0.01736784703064065,common-window
XLY,2024-11-30,0.12905686751218992,2.2405354893070237,0.0,common-window
XLY,2024-12-31,0.011134428745773972,2.2654825720650904,0.0,common-window
XLY,2025-01-31,0.034856214812438724,2.344448719250827,0.0,common-window
XLY,2025-02-28,-0.06981958675580535,2.1807602785025573,-0.06981958675580535,common-window
XLY,2025-03-31,-0.0831472078468889,1.9994361503616658,-0.14716149091092545,common-window
XLY,2025-04-30,-0.0010128992104267986,1.9974109230636656,-0.14802533036340337,common-window
XLY,2025-05-31,0.08384876462999591,2.164891361421014,-0.07658830681832585,common-window
XLY,2025-06-30,0.01867204665502631,2.2053143139245304,-0.05934632060144074,common-window
XLY,2025-07-31,0.018865249196584832,2.2469181180135123,-0.04160065453190254,common-window
XLY,2025-08-31,0.04656109790990581,2.351537092501881,0.0,common-window
XLY,2025-09-30,0.03591380586134507,2.4359897391177454,0.0,common-window
XLY,2025-10-31,0.001210094305947429,2.438937516430398,0.0,common-window
XLY,2025-11-30,-0.014462479717009424,2.4036644320679703,-0.014462479717009313,common-window
XLY,2025-12-31,0.011982095168412421,2.432465368045937,-0.0026536753569372795,common-window
XLY,2026-01-31,0.01473908762130316,2.4683176882413513,0.0,common-window
XLY,2026-02-28,-0.0355698409154418,2.3805200207418356,-0.035569840915441686,common-window
XLY,2026-03-31,-0.039876806758261885,2.28559248389054,-0.07402823600109643,common-window
