ticker,month_end,monthly_return,rolling_12m_return,mode
SPY,2018-06-30,0.0057507462521508845,,common-window
SPY,2018-07-31,0.0370463662537186,,common-window
SPY,2018-08-31,0.03192007057843704,,common-window
SPY,2018-09-30,0.005945493072488484,,common-window
SPY,2018-10-31,-0.06910441631652886,,common-window
SPY,2018-11-30,0.01854939325519611,,common-window
SPY,2018-12-31,-0.0880486989309962,,common-window
SPY,2019-01-31,0.08006590103466604,,common-window
SPY,2019-02-28,0.032415876113984776,,common-window
SPY,2019-03-31,0.018100524388085848,,common-window
SPY,2019-04-30,0.04085244951502287,,common-window
SPY,2019-05-31,-0.06377099192783875,0.035691972738200795,common-window
SPY,2019-06-30,0.06958618232455582,0.10142779144159264,common-window
SPY,2019-07-31,0.0151193283011688,0.07813948942267968,common-window
SPY,2019-08-31,-0.01674311874752743,0.02729668910369276,common-window
SPY,2019-09-30,0.01945764166255315,0.041095633087082195,common-window
SPY,2019-10-31,0.022104661086522315,0.14310210282075597,common-window
SPY,2019-11-30,0.03619844901302427,0.16290936291356073,common-window
SPY,2019-12-31,0.029055431486695982,0.31223914569795985,common-window
SPY,2020-01-31,-0.0004038441660245695,0.21447145430474968,common-window
SPY,2020-02-29,-0.07916587134949415,0.08321345038300931,common-window
SPY,2020-03-31,-0.12487121900979992,-0.06890209396992153,common-window
SPY,2020-04-30,0.12698352346856634,0.008146735227370527,common-window
SPY,2020-05-31,0.04764517021367043,0.12812148408269386,common-window
SPY,2020-06-30,0.01773442500280953,0.07343203278950727,common-window
SPY,2020-07-31,0.05889223361996332,0.11971943706550547,common-window
SPY,2020-08-31,0.06979679571087005,0.21826990352918507,common-window
SPY,2020-09-30,-0.03744341428692366,0.150272135785517,common-window
SPY,2020-10-31,-0.02493375123404551,0.09733531134483564,common-window
SPY,2020-11-30,0.10877680675408596,0.17419587301093764,common-window
SPY,2020-12-31,0.037048207520307797,0.18331596931032612,common-window
SPY,2021-01-31,-0.010190447992873164,0.17173064605149357,common-window
SPY,2021-02-28,0.027805367200020248,0.3078479711535076,common-window
SPY,2021-03-31,0.045399689045698466,0.5623116186579118,common-window
SPY,2021-04-30,0.052910330016912255,0.4596256358101396,common-window
SPY,2021-05-31,0.006566172451982988,0.40239255734893065,common-window
SPY,2021-06-30,0.022427197563817503,0.4088589882283522,common-window
SPY,2021-07-31,0.024412673542282937,0.36298384004681106,common-window
SPY,2021-08-31,0.029759865256122175,0.3119744432775502,common-window
SPY,2021-09-30,-0.04660582064413177,0.29948598996685427,common-window
SPY,2021-10-31,0.07016384151977628,0.42622403429929356,common-window
SPY,2021-11-30,-0.00803495178648228,0.275968602814358,common-window
SPY,2021-12-31,0.04624772138539757,0.2872875470716141,common-window
SPY,2022-01-31,-0.05274109069785193,0.2319487070261319,common-window
SPY,2022-02-28,-0.029517058003522223,0.1632408661578879,common-window
SPY,2022-03-31,0.03759036493550094,0.1545512472138202,common-window
SPY,2022-04-30,-0.08776909079825834,0.000291576538099525,common-window
SPY,2022-05-31,0.0022572249739403194,-0.003990510406598258,common-window
SPY,2022-06-30,-0.08246038676857781,-0.10616798532561156,common-window
SPY,2022-07-31,0.0920875483183976,-0.0471195459356486,common-window
SPY,2022-08-31,-0.04080201781562243,-0.11241344740685832,common-window
SPY,2022-09-30,-0.09244573152384794,-0.15508927798135697,common-window
SPY,2022-10-31,0.08127529456095228,-0.1463166158454695,common-window
SPY,2022-11-30,0.05559162909911963,-0.09155969170744171,common-window
SPY,2022-12-31,-0.05762831650161171,-0.18175360845722444,common-window
SPY,2023-01-31,0.0628874346747148,-0.08187318219106576,common-window
SPY,2023-02-28,-0.0251427546717492,-0.07773486607613245,common-window
SPY,2023-03-31,0.03707782863716136,-0.07819043541621451,common-window
SPY,2023-04-30,0.015975065829193058,0.02664306110776038,common-window
SPY,2023-05-31,0.004616206764454844,0.02905943908555364,common-window
SPY,2023-06-30,0.06479965952120881,0.19421780222257823,common-window
SPY,2023-07-31,0.03273324109164588,0.1293127765788744,common-window
SPY,2023-08-31,-0.016252002084163553,0.15821676402014484,common-window
SPY,2023-09-30,-0.04743441853487962,0.21566000359844084,common-window
SPY,2023-10-31,-0.021708563678450976,0.09987694806425429,common-window
SPY,2023-11-30,0.09134383608718477,0.1371290702150847,common-window
SPY,2023-12-31,0.04565531911673326,0.2617580532328281,common-window
SPY,2024-01-31,0.01592647831792915,0.20601050844336122,common-window
SPY,2024-02-29,0.052186776918271116,0.3016760309160029,common-window
SPY,2024-03-31,0.03270192288872398,0.2961836643172746,common-window
SPY,2024-04-30,-0.0403195054602844,0.22436290202759035,common-window
SPY,2024-05-31,0.050579520519649535,0.28038009131558805,common-window
SPY,2024-06-30,0.03528028488398216,0.24488419379568604,common-window
SPY,2024-07-31,0.012109169931161512,0.22002338833515367,common-window
SPY,2024-08-31,0.023365432938468933,0.26915609042538446,common-window
SPY,2024-09-30,0.021004661564918203,0.36034128231335094,common-window
SPY,2024-10-31,-0.008923558620233862,0.3781191852260788,common-window
SPY,2024-11-30,0.05963352184722481,0.33807626659805323,common-window
SPY,2024-12-31,-0.024060182229797777,0.24886459611702394,common-window
SPY,2025-01-31,0.026856408076720406,0.26230061004630034,common-window
SPY,2025-02-28,-0.012694837033450312,0.1844626228479418,common-window
SPY,2025-03-31,-0.05571919586383445,0.08304757954111297,common-window
SPY,2025-04-30,-0.008670229175496758,0.11876537548413446,common-window
SPY,2025-05-31,0.06284501787581465,0.13182694149332352,common-window
SPY,2025-06-30,0.051386078379676015,0.14943470555365912,common-window
SPY,2025-07-31,0.023031507308652444,0.16183901333036688,common-window
SPY,2025-08-31,0.02051959125720848,0.15860809523930297,common-window
SPY,2025-09-30,0.03562036952182912,0.17519359988389094,common-window
SPY,2025-10-31,0.023837458474752493,0.21404079270194853,common-window
SPY,2025-11-30,0.0019499283249213573,0.14795168343742415,common-window
SPY,2025-12-31,0.000797497311368911,0.177190591980809,common-window
SPY,2026-01-31,0.014737781623702428,0.16329777022305025,common-window
SPY,2026-02-28,-0.008641965290305365,0.16807308877565852,common-window
SPY,2026-03-31,-0.02472333587798481,0.20641489319902595,common-window
XLB,2018-06-30,0.0027555407584609615,,common-window
XLB,2018-07-31,0.0285860867960519,,common-window
XLB,2018-08-31,-0.007701158598247271,,common-window
XLB,2018-09-30,-0.017954157656465575,,common-window
XLB,2018-10-31,-0.09183516081985821,,common-window
XLB,2018-11-30,0.038015729445793456,,common-window
XLB,2018-12-31,-0.06887692545321933,,common-window
XLB,2019-01-31,0.056016970741154415,,common-window
XLB,2019-02-28,0.03186510891066918,,common-window
XLB,2019-03-31,0.012529075112310828,,common-window
XLB,2019-04-30,0.035135217855547074,,common-window
XLB,2019-05-31,-0.08181012760285178,-0.07484056992632926,common-window
XLB,2019-06-30,0.11563699747843903,0.029305794686076414,common-window
XLB,2019-07-31,-0.0027348980444619198,-0.002037105636478853,common-window
XLB,2019-08-31,-0.02828251557951933,-0.022735941235182633,common-window
XLB,2019-09-30,0.031797794013502356,0.026773757929609898,common-window
XLB,2019-10-31,-0.00017194316158741785,0.13040845330481154,common-window
XLB,2019-11-30,0.03179233314161589,0.12363111882813227,common-window
XLB,2019-12-31,0.028624328977553404,0.24129058469038767,common-window
XLB,2020-01-31,-0.06170619372925645,0.10291339975317992,common-window
XLB,2020-02-29,-0.08519869343092745,-0.022210742068909828,common-window
XLB,2020-03-31,-0.13996711015353935,-0.16947479155991163,common-window
XLB,2020-04-30,0.1518648084624452,-0.07581855622211542,common-window
XLB,2020-05-31,0.06881288904317562,0.07578733834812645,common-window
XLB,2020-06-30,0.02181446915874896,-0.01468392447863498,common-window
XLB,2020-07-31,0.07116227282875331,0.05832782561083549,common-window
XLB,2020-08-31,0.04357211988246701,0.13658695064232096,common-window
XLB,2020-09-30,0.015076355741018288,0.11816728678304012,common-window
XLB,2020-10-31,-0.007228296446389337,0.11027574647960092,common-window
XLB,2020-11-30,0.12361500426070071,0.20908292060356315,common-window
XLB,2020-12-31,0.0248162359013977,0.2046067477494513,common-window
XLB,2021-01-31,-0.02417473387496427,0.25279064227291403,common-window
XLB,2021-02-28,0.041194980651799495,0.42588266891987914,common-window
XLB,2021-03-31,0.07590421135391145,0.7837843023205016,common-window
XLB,2021-04-30,0.05380706713743311,0.6319315341731326,common-window
XLB,2021-05-31,0.0508191845837449,0.6044576011536458,common-window
XLB,2021-06-30,-0.05263229261161273,0.48756096638386137,common-window
XLB,2021-07-31,0.0207752885098631,0.417586777609795,common-window
XLB,2021-08-31,0.018923844097262554,0.3841045973385162,common-window
XLB,2021-09-30,-0.07188590558765262,0.26552744300011266,common-window
XLB,2021-10-31,0.07597018809889988,0.37158401676344677,common-window
XLB,2021-11-30,-0.005521559511938556,0.2139484866408803,common-window
XLB,2021-12-31,0.07583197255860497,0.27437929768810565,common-window
XLB,2022-01-31,-0.06798362322454765,0.2171670655602027,common-window
XLB,2022-02-28,-0.0126702211187536,0.15419812046038217,common-window
XLB,2022-03-31,0.06118900642812153,0.13841208515324,common-window
XLB,2022-04-30,-0.03539432026158751,0.04204915440982915,common-window
XLB,2022-05-31,0.01176067734860542,0.00331662550857037,common-window
XLB,2022-06-30,-0.13856299750148782,-0.0876889092856794,common-window
XLB,2022-07-31,0.06154908327009645,-0.05124760277190865,common-window
XLB,2022-08-31,-0.03481383925132164,-0.10128446881818698,common-window
XLB,2022-09-30,-0.09302938772655645,-0.12175821864689684,common-window
XLB,2022-10-31,0.08925159397730997,-0.1109175042046705,common-window
XLB,2022-11-30,0.11703590473375369,-0.0013488179932025224,common-window
XLB,2022-12-31,-0.05518778025775006,-0.12296914008226711,common-window
XLB,2023-01-31,0.08972683274657389,0.025436982669473807,common-window
XLB,2023-02-28,-0.03331331901937129,0.003997139086364232,common-window
XLB,2023-03-31,-0.01001080584470726,-0.06336542063899264,common-window
XLB,2023-04-30,-0.0013637650181439476,-0.030321664557742545,common-window
XLB,2023-05-31,-0.06865310533472768,-0.10739078246745482,common-window
XLB,2023-06-30,0.11005680475914348,0.15022564974441943,common-window
XLB,2023-07-31,0.03439114719543346,0.12079907384745847,common-window
XLB,2023-08-31,-0.0330143904901079,0.12288864017882828,common-window
XLB,2023-09-30,-0.04779037931297958,0.17889747657676525,common-window
XLB,2023-10-31,-0.03169972913480257,0.04799180667102898,common-window
XLB,2023-11-30,0.08348701549212678,0.01651657754084379,common-window
XLB,2023-12-31,0.0452335936509225,0.1245592014449266,common-window
XLB,2024-01-31,-0.03892908906867032,-0.008209118422038753,common-window
XLB,2024-02-29,0.06507713876883292,0.09273647314195399,common-window
XLB,2024-03-31,0.06468341883141404,0.1751829322735614,common-window
XLB,2024-04-30,-0.04586063477009006,0.12281955906486086,common-window
XLB,2024-05-31,0.03272024204187929,0.24503393252153005,common-window
XLB,2024-06-30,-0.03058363088094418,0.08729235217554665,common-window
XLB,2024-07-31,0.04337004391764654,0.09673045087109955,common-window
XLB,2024-08-31,0.02322548539417535,0.16051628576761523,common-window
XLB,2024-09-30,0.026836725765120084,0.25146891733243737,common-window
XLB,2024-10-31,-0.03102278046750384,0.25234383210964517,common-window
XLB,2024-11-30,0.014883754198658394,0.17304904600234838,common-window
XLB,2024-12-31,-0.1076303476214413,0.0014922748012191622,common-window
XLB,2025-01-31,0.055265068110748716,0.0996481129122535,common-window
XLB,2025-02-28,-0.000337755085497049,0.032109939417683586,common-window
XLB,2025-03-31,-0.026702976063097794,-0.05648053248212348,common-window
XLB,2025-04-30,-0.024308095720969036,-0.03516788056949127,common-window
XLB,2025-05-31,0.029204935270980448,-0.038452100965431835,common-window
XLB,2025-06-30,0.0222065053499656,0.013909553117949836,common-window
XLB,2025-07-31,-0.0009109142372620838,-0.029121092391000136,common-window
XLB,2025-08-31,0.051863530402880276,-0.001948123919248812,common-window
XLB,2025-09-30,-0.024216430132895872,-0.051570129779908824,common-window
XLB,2025-10-31,-0.04407510370220025,-0.0643456759764709,common-window
XLB,2025-11-30,0.04353927140430125,-0.0379272231539991,common-window
XLB,2025-12-31,0.019778411791045336,0.09943345314842178,common-window
XLB,2026-01-31,0.08643885591042588,0.1319120276829464,common-window
XLB,2026-02-28,0.08402677798222102,0.22743752159351516,common-window
XLB,2026-03-31,-0.07507954190206767,0.16642920592395005,common-window
XLC,2018-06-30,,,common-window
XLC,2018-07-31,-0.021603161174073682,,common-window
XLC,2018-08-31,0.014857795690393916,,common-window
XLC,2018-09-30,-0.0009632099013742179,,common-window
XLC,2018-10-31,-0.06040827691802508,,common-window
XLC,2018-11-30,-0.02237176391076323,,common-window
XLC,2018-12-31,-0.07988431883614433,,common-window
XLC,2019-01-31,0.11749058828397518,,common-window
XLC,2019-02-28,-0.0045524577209290484,,common-window
XLC,2019-03-31,0.02030666899144995,,common-window
XLC,2019-04-30,0.070558099983564,,common-window
XLC,2019-05-31,-0.05951664951205271,,common-window
XLC,2019-06-30,0.04774003448471342,0.003841014617383287,common-window
XLC,2019-07-31,0.03169418360122234,0.05852440946547777,common-window
XLC,2019-08-31,-0.024615879552798425,0.017352287663124688,common-window
XLC,2019-09-30,0.002129950068383568,0.0205021550178901,common-window
XLC,2019-10-31,0.022213230656082272,0.11023839306566563,common-window
XLC,2019-11-30,0.038324810405495846,0.17916814022910899,common-window
XLC,2019-12-31,0.02257830973423025,0.31047844136590497,common-window
XLC,2020-01-31,0.005220790319092172,0.17881992773545563,common-window
XLC,2020-02-29,-0.05843066429699317,0.11501676294276386,common-window
XLC,2020-03-31,-0.1259921418480192,-0.044862253280708586,common-window
XLC,2020-04-30,0.1365280794237329,0.013995287953689095,common-window
XLC,2020-05-31,0.07438334097869204,0.1583614368538433,common-window
XLC,2020-06-30,0.0023916023773229433,0.10822507359001121,common-window
XLC,2020-07-31,0.07568501763279833,0.15547913982091388,common-window
XLC,2020-08-31,0.08825030021556857,0.289184942057916,common-window
XLC,2020-09-30,-0.059031657651672065,0.21050390503335747,common-window
XLC,2020-10-31,-0.003366970834360883,0.18021185552051056,common-window
XLC,2020-11-30,0.1047296635369519,0.2556909292597156,common-window
XLC,2020-12-31,0.03345207400551353,0.26904353710635354,common-window
XLC,2021-01-31,-0.008891453155084661,0.2512274995278918,common-window
XLC,2021-02-28,0.07012557024276433,0.4220626040630284,common-window
XLC,2021-03-31,0.02626138296908609,0.6697881158644772,common-window
XLC,2021-04-30,0.06451216930755077,0.5639822734552535,common-window
XLC,2021-05-31,0.009480730270943205,0.4695033954084098,common-window
XLC,2021-06-30,0.02951587027597835,0.5092674992581525,common-window
XLC,2021-07-31,0.017661098558183097,0.4278555489163871,common-window
XLC,2021-08-31,0.039077717866238704,0.36333790573436353,common-window
XLC,2021-09-30,-0.06275372312231253,0.3579451281930004,common-window
XLC,2021-10-31,0.002372033962399378,0.3657647101016608,common-window
XLC,2021-11-30,-0.06139469904282868,0.16038705130576436,common-window
XLC,2021-12-31,0.03276853273130054,0.15961955326344612,common-window
XLC,2022-01-31,-0.04801734782248901,0.11384136616206075,common-window
XLC,2022-02-28,-0.07437490794931678,-0.03656211406131715,common-window
XLC,2022-03-31,0.00737567302914699,-0.054291718585990245,common-window
XLC,2022-04-30,-0.1413200490488139,-0.23715222417142867,common-window
XLC,2022-05-31,0.018963716520815854,-0.22998608939341614,common-window
XLC,2022-06-30,-0.09602279088222299,-0.32388120864478653,common-window
XLC,2022-07-31,0.038695462509688694,-0.3099062922880872,common-window
XLC,2022-08-31,-0.03530246455513253,-0.35930519189384325,common-window
XLC,2022-09-30,-0.11748354262322303,-0.39671810253205386,common-window
XLC,2022-10-31,0.006682106516821218,-0.39412406692376023,common-window
XLC,2022-11-30,0.06845036171027008,-0.31030822094579824,common-window
XLC,2022-12-31,-0.06604246912247314,-0.37629506455965966,common-window
XLC,2023-01-31,0.14773886056306806,-0.2480426084525147,common-window
XLC,2023-02-28,-0.028685363844563883,-0.21092543142148978,common-window
XLC,2023-03-31,0.08651411878184301,-0.1489365065226892,common-window
XLC,2023-04-30,0.03329296138541116,0.02412769336007914,common-window
XLC,2023-05-31,0.03906518394831582,0.04433103243477099,common-window
XLC,2023-06-30,0.04732796986165977,0.20993880048245428,common-window
XLC,2023-07-31,0.05700662174049609,0.23126880801096927,common-window
XLC,2023-08-31,-0.015409213454772419,0.2566590870050045,common-window
XLC,2023-09-30,-0.029476207896882434,0.3819771091025006,common-window
XLC,2023-10-31,-0.012963199476716647,0.3550079566673574,common-window
XLC,2023-11-30,0.07802832802814663,0.3671547264514401,common-window
XLC,2023-12-31,0.043979793377151744,0.528208576565925,common-window
XLC,2024-01-31,0.04431594012009388,0.3905014730903915,common-window
XLC,2024-02-29,0.04586196713856072,0.49722093317933,common-window
XLC,2024-03-31,0.03176643689812675,0.42177840192971927,common-window
XLC,2024-04-30,-0.04653448985894704,0.31193835626817457,common-window
XLC,2024-05-31,0.06935529211568126,0.3501830740531324,common-window
XLC,2024-06-30,0.0315458360231502,0.3298372314953222,common-window
XLC,2024-07-31,0.0015175292350344538,0.2600255012394188,common-window
XLC,2024-08-31,0.01783416185630915,0.3025685569044143,common-window
XLC,2024-09-30,0.03841478609478721,0.39368705888250854,common-window
XLC,2024-10-31,0.01814154331456952,0.4376066751269103,common-window
XLC,2024-11-30,0.06910046406647674,0.42570090559170937,common-window
XLC,2024-12-31,-0.013601019401758285,0.3470662256444681,common-window
XLC,2025-01-31,0.05753542799719891,0.3641180822287098,common-window
XLC,2025-02-28,-0.0037116877925154057,0.2994591490057481,common-window
XLC,2025-03-31,-0.051613258320821864,0.19444651831840987,common-window
XLC,2025-04-30,-0.010471625062864698,0.2396239923204797,common-window
XLC,2025-05-31,0.06244766844176808,0.2316164983666582,common-window
XLC,2025-06-30,0.07291329326238438,0.28100726807567833,common-window
XLC,2025-07-31,-0.010319700672205112,0.26586666683563953,common-window
XLC,2025-08-31,0.037054204507172894,0.28977037555230845,common-window
XLC,2025-09-30,0.06636886345435644,0.32449093359622894,common-window
XLC,2025-10-31,-0.03007521471003416,0.2617661982484454,common-window
XLC,2025-11-30,0.005051861969507021,0.18617520948053135,common-window
XLC,2025-12-31,0.02349512884833116,0.230784472351812,common-window
XLC,2026-01-31,0.020047575483175484,0.18715523256033273,common-window
XLC,2026-02-28,-0.016905385978865706,0.1714339120883066,common-window
XLC,2026-03-31,-0.023041094031235,0.2067258459794521,common-window
XLE,2018-06-30,0.005695660146470827,,common-window
XLE,2018-07-31,0.015538517931734885,,common-window
XLE,2018-08-31,-0.034751014538842884,,common-window
XLE,2018-09-30,0.024459683067735938,,common-window
XLE,2018-10-31,-0.1132822047459009,,common-window
XLE,2018-11-30,-0.01563429501702529,,common-window
XLE,2018-12-31,-0.12439196617613835,,common-window
XLE,2019-01-31,0.11211847977627976,,common-window
XLE,2019-02-28,0.0230481318699034,,common-window
XLE,2019-03-31,0.021280909989711105,,common-window
XLE,2019-04-30,-0.0001513093454225123,,common-window
XLE,2019-05-31,-0.11102708138525219,-0.20280605841550292,common-window
XLE,2019-06-30,0.09395161158180976,-0.1328474093120745,common-window
XLE,2019-07-31,-0.015853137306766518,-0.15965225687363038,common-window
XLE,2019-08-31,-0.08325360182135022,-0.20187870867266733,common-window
XLE,2019-09-30,0.03934302271685697,-0.19028361083099432,common-window
XLE,2019-10-31,-0.02094602797109335,-0.10596578609810592,common-window
XLE,2019-11-30,0.016045811259874032,-0.07719284249775393,common-window
XLE,2019-12-31,0.060261945663842464,0.11741472724160862,common-window
XLE,2020-01-31,-0.10992688279504259,-0.10568808308379007,common-window
XLE,2020-02-29,-0.15288169424029052,-0.25947961559337784,common-window
XLE,2020-03-31,-0.3437092988159064,-0.5241302979723446,common-window
XLE,2020-04-30,0.3076390889029803,-0.37764000752094484,common-window
XLE,2020-05-31,0.0200001189225667,-0.2859093308146218,common-window
XLE,2020-06-30,-0.010955560323923752,-0.3543888063192002,common-window
XLE,2020-07-31,-0.04808452705785349,-0.37553295339725357,common-window
XLE,2020-08-31,-0.010546682997320422,-0.3260066340620129,common-window
XLE,2020-09-30,-0.14606614112337846,-0.44624080476512573,common-window
XLE,2020-10-31,-0.04106860864272066,-0.45762226523321137,common-window
XLE,2020-11-30,0.2799443947707865,-0.3167499597263055,common-window
XLE,2020-12-31,0.04480109697372492,-0.3267131820539486,common-window
XLE,2021-01-31,0.03746687262839066,-0.2152186647430634,common-window
XLE,2021-02-28,0.22456781314883112,0.13445543199984344,common-window
XLE,2021-03-31,0.029710174679205226,0.7799433984706972,common-window
XLE,2021-04-30,0.006726307147703059,0.37034435547321576,common-window
XLE,2021-05-31,0.05709664586552465,0.42018260094091175,common-window
XLE,2021-06-30,0.042339231931064925,0.4967093308278765,common-window
XLE,2021-07-31,-0.08316306870306645,0.4415548742772839,common-window
XLE,2021-08-31,-0.020044571925097565,0.42771720468347474,common-window
XLE,2021-09-30,0.08931481733622548,0.8212575714863062,common-window
XLE,2021-10-31,0.10328292796810734,1.0954183001658007,common-window
XLE,2021-11-30,-0.05011322159073894,0.5550754756973224,common-window
XLE,2021-12-31,0.029833915556211732,0.5327984156615859,common-window
XLE,2022-01-31,0.18774785311302233,0.754830034085533,common-window
XLE,2022-02-28,0.07069177687243644,0.5343226133576342,common-window
XLE,2022-03-31,0.09338568413233994,0.6292024897281374,common-window
XLE,2022-04-30,-0.01687569941272149,0.5910069567637035,common-window
XLE,2022-05-31,0.16034593271188857,0.7464046058773801,common-window
XLE,2022-06-30,-0.17073447244230577,0.389406723316994,common-window
XLE,2022-07-31,0.09662946147910745,0.6618706061624617,common-window
XLE,2022-08-31,0.026523711403701133,0.7408440564096919,common-window
XLE,2022-09-30,-0.09558721588151431,0.4453504117603895,common-window
XLE,2022-10-31,0.24965310655768103,0.6371019494040482,common-window
XLE,2022-11-30,0.012777517136369543,0.745492289505455,common-window
XLE,2022-12-31,-0.0304890228435305,0.6432493722092294,common-window
XLE,2023-01-31,0.028123874340727495,0.42240956835722976,common-window
XLE,2023-02-28,-0.06938741704597029,0.23631494237688289,common-window
XLE,2023-03-31,5.327840813795781e-05,0.1307819639600496,common-window
XLE,2023-04-30,0.027767771791675555,0.18213053912632926,common-window
XLE,2023-05-31,-0.10031736906182276,-0.08342651654933941,common-window
XLE,2023-06-30,0.06913374101808278,0.18169585580826353,common-window
XLE,2023-07-31,0.07773818554152134,0.16133916900516954,common-window
XLE,2023-08-31,0.016460832471218767,0.14995471161034835,common-window
XLE,2023-09-30,0.024033172823976878,0.30205122330507916,common-window
XLE,2023-10-31,-0.057528499944591416,-0.018010547777023822,common-window
XLE,2023-11-30,-0.00716059641807032,-0.037342549995086016,common-window
XLE,2023-12-31,0.0007718336903559386,-0.006302678198952805,common-window
XLE,2024-01-31,-0.005128667499567752,-0.03844176434843749,common-window
XLE,2024-02-29,0.03272980297370531,0.06707115876299663,common-window
XLE,2024-03-31,0.10486383079926553,0.17890551799695187,common-window
XLE,2024-04-30,-0.00942696904154372,0.1362411278377742,common-window
XLE,2024-05-31,-0.0034218168886013256,0.25861395987628666,common-window
XLE,2024-06-30,-0.01414175200729162,0.1605797345814144,common-window
XLE,2024-07-31,0.02260011269056328,0.1012034121932992,common-window
XLE,2024-08-31,-0.020705892511024837,0.06093808856937555,common-window
XLE,2024-09-30,-0.03018104835271318,0.00477005249896445,common-window
XLE,2024-10-31,0.008997779870914213,0.07569380314697516,common-window
XLE,2024-11-30,0.07833835253739418,0.1683278074332315,common-window
XLE,2024-12-31,-0.09579575463371803,0.05559222182052892,common-window
XLE,2025-01-31,0.023114535282172888,0.08555921775433961,common-window
XLE,2025-02-28,0.03833866130855457,0.09145499789832479,common-window
XLE,2025-03-31,0.03493235414037499,0.02237222264398353,common-window
XLE,2025-04-30,-0.13857677871267582,-0.11092353025953006,common-window
XLE,2025-05-31,0.012794994850767516,-0.09645603942336722,common-window
XLE,2025-06-30,0.04869269825904832,-0.03886795496000717,common-window
XLE,2025-07-31,0.028298667901302865,-0.03351193753393755,common-window
XLE,2025-08-31,0.0364637051375607,0.022910064029027843,common-window
XLE,2025-09-30,-0.0031819891037648818,0.05138714150638091,common-window
XLE,2025-10-31,-0.01354379934331218,0.027898560056660804,common-window
XLE,2025-11-30,0.026324766087301388,-0.02168206599603184,common-window
XLE,2025-12-31,-0.0029602077572791208,0.0787628068164099,common-window
XLE,2026-01-31,0.14180273501257368,0.2039065820847792,common-window
XLE,2026-02-28,0.09539665043421408,0.2700627325090865,common-window
XLE,2026-03-31,0.03540778651228882,0.27064618024359843,common-window
XLF,2018-06-30,-0.017469264790416217,,common-window
XLF,2018-07-31,0.05114712657224629,,common-window
XLF,2018-08-31,0.013595698759470753,,common-window
XLF,2018-09-30,-0.02215478246860203,,common-window
XLF,2018-10-31,-0.04713558183489008,,common-window
XLF,2018-11-30,0.026255656085020007,,common-window
XLF,2018-12-31,-0.11128944300037769,,common-window
XLF,2019-01-31,0.08900080632105989,,common-window
XLF,2019-02-28,0.02235915787038567,,common-window
XLF,2019-03-31,-0.02559385436817785,,common-window
XLF,2019-04-30,0.08984851756922696,,common-window
XLF,2019-05-31,-0.0717346037606108,-0.023658957510285905,common-window
XLF,2019-06-30,0.06653702124016192,0.05981811037124851,common-window
XLF,2019-07-31,0.02355062603290725,0.031993964430959254,common-window
XLF,2019-08-31,-0.04707968701433596,-0.029782769610754434,common-window
XLF,2019-09-30,0.04542161723583504,0.03726647927388349,common-window
XLF,2019-10-31,0.02499989852414286,0.11579151842565416,common-window
XLF,2019-11-30,0.05052270952389626,0.14217575537843619,common-window
XLF,2019-12-31,0.026092777576180115,0.3187401500812035,common-window
XLF,2020-01-31,-0.026640894204439935,0.17870227993321497,common-window
XLF,2020-02-29,-0.11248319912812788,0.02323930745220082,common-window
XLF,2020-03-31,-0.21035957232709046,-0.17078609574617154,common-window
XLF,2020-04-30,0.09462056511192074,-0.16715527172763023,common-window
XLF,2020-05-31,0.027204941971510355,-0.07838617679585091,common-window
XLF,2020-06-30,-0.005227897337684362,-0.14039953373076208,common-window
XLF,2020-07-31,0.03846153846153855,-0.12787701950415375,common-window
XLF,2020-08-31,0.04286314285156889,-0.045560368481033287,common-window
XLF,2020-09-30,-0.034222329969222365,-0.11827298353494842,common-window
XLF,2020-10-31,-0.008724596472430401,-0.14728352138762013,common-window
XLF,2020-11-30,0.16848265440364574,-0.05153462619166904,common-window
XLF,2020-12-31,0.06306066274755473,-0.017363487095654495,common-window
XLF,2021-01-31,-0.0179784257762039,-0.008618453819874028,common-window
XLF,2021-02-28,0.11606223281247097,0.24667330343710803,common-window
XLF,2021-03-31,0.058524178596191856,0.6711832224542509,common-window
XLF,2021-04-30,0.06490421945161429,0.6258145715417975,common-window
XLF,2021-05-31,0.047711034450705236,0.6582707081858359,common-window
XLF,2021-06-30,-0.030393743698738374,0.6163196062645475,common-window
XLF,2021-07-31,-0.004633373033292365,0.5492442762696366,common-window
XLF,2021-08-31,0.051478670537615345,0.5620432298486777,common-window
XLF,2021-09-30,-0.01842499611191828,0.587593746460513,common-window
XLF,2021-10-31,0.07274177209261712,0.7180675752476107,common-window
XLF,2021-11-30,-0.05712839036359785,0.3863424793109793,common-window
XLF,2021-12-31,0.03364259001024483,0.3479782303792345,common-window
XLF,2022-01-31,0.00025641962223432735,0.3730084082048635,common-window
XLF,2022-02-28,-0.013825008232098868,0.2132177900568777,common-window
XLF,2022-03-31,-0.0012997383334956147,0.14465115572053588,common-window
XLF,2022-04-30,-0.09942584102115393,-0.03198500573316243,common-window
XLF,2022-05-31,0.027817860772909153,-0.050364969072726584,common-window
XLF,2022-06-30,-0.10860862992076825,-0.12696884349466808,common-window
XLF,2022-07-31,0.07186012400736574,-0.059876774725944326,common-window
XLF,2022-08-31,-0.019578862963035126,-0.12340905497704513,common-window
XLF,2022-09-30,-0.07655954567684731,-0.1753258413048837,common-window
XLF,2022-10-31,0.11923573597729753,-0.13958343661022488,common-window
XLF,2022-11-30,0.06856980342849606,-0.024877673045446524,common-window
XLF,2022-12-31,-0.05220448097448005,-0.10586446328599552,common-window
XLF,2023-01-31,0.06900578744170915,-0.04440896878666434,common-window
XLF,2023-02-28,-0.022975950104460074,-0.05327611513835506,common-window
XLF,2023-03-31,-0.09547680292211647,-0.1425518266550686,common-window
XLF,2023-04-30,0.03172611112756285,-0.01768037583745652,common-window
XLF,2023-05-31,-0.04250825809398917,-0.08489338048615225,common-window
XLF,2023-06-30,0.06616059304530464,0.09452553492171067,common-window
XLF,2023-07-31,0.04805708265239428,0.07021915763583042,common-window
XLF,2023-08-31,-0.026889471419210165,0.06223896124041328,common-window
XLF,2023-09-30,-0.030882406034880794,0.11478164240471123,common-window
XLF,2023-10-31,-0.024419426325497207,-0.02830183199131453,common-window
XLF,2023-11-30,0.10939438978572436,0.008821784683752387,common-window
XLF,2023-12-31,0.05253888993850997,0.12030932841773945,common-window
XLF,2024-01-31,0.030850883097164328,0.08032330049886727,common-window
XLF,2024-02-29,0.040764031145784196,0.1508024119653273,common-window
XLF,2024-03-31,0.04805591114906993,0.3334155213722143,common-window
XLF,2024-04-30,-0.041785302847249794,0.23840846539598504,common-window
XLF,2024-05-31,0.031714458740880414,0.3344072472445023,common-window
XLF,2024-06-30,-0.008819041866763189,0.24056269054725554,common-window
XLF,2024-07-31,0.06397467413113755,0.2594040021883426,common-window
XLF,2024-08-31,0.04572487694587801,0.3533818168983167,common-window
XLF,2024-09-30,-0.005588975257091122,0.3887043304042148,common-window
XLF,2024-10-31,0.02559574984339008,0.45989915900771794,common-window
XLF,2024-11-30,0.10456117842964185,0.45353893106802756,common-window
XLF,2024-12-31,-0.054614091560507005,0.30556242238250775,common-window
XLF,2025-01-31,0.06496984835505626,0.3487737535863433,common-window
XLF,2025-02-28,0.01379449754590234,0.3138227003433336,common-window
XLF,2025-03-31,-0.0419524178626145,0.20098999302539133,common-window
XLF,2025-04-30,-0.02108019642973613,0.22694098885737835,common-window
XLF,2025-05-31,0.04511902698501413,0.24288204122639834,common-window
XLF,2025-06-30,0.03119062106424897,0.29305178180145086,common-window
XLF,2025-07-31,0.0,0.21530315827994917,common-window
XLF,2025-08-31,0.030933841838727494,0.1981135589156795,common-window
XLF,2025-09-30,0.0010619178187434297,0.2061268702877208,common-window
XLF,2025-10-31,-0.027844849033004992,0.14327935724085994,common-window
XLF,2025-11-30,0.018331198203362264,0.05402675784373856,common-window
XLF,2025-12-31,0.030591074912595273,0.14902344075116947,common-window
XLF,2026-01-31,-0.024283400035395974,0.05272580873630983,common-window
XLF,2026-02-28,-0.03761224500721849,-0.0006550339884586753,common-window
XLF,2026-03-31,-0.041415536758238725,-9.501020779423275e-05,common-window
XLI,2018-06-30,-0.033889768741145465,,common-window
XLI,2018-07-31,0.0738519634216499,,common-window
XLI,2018-08-31,0.002339763775843995,,common-window
XLI,2018-09-30,0.02177369843485022,,common-window
XLI,2018-10-31,-0.10867322235385057,,common-window
XLI,2018-11-30,0.03806534185962618,,common-window
XLI,2018-12-31,-0.10659028869308518,,common-window
XLI,2019-01-31,0.11426789860293352,,common-window
XLI,2019-02-28,0.06367584976655083,,common-window
XLI,2019-03-31,-0.011494973420682508,,common-window
XLI,2019-04-30,0.039717412122020734,,common-window
XLI,2019-05-31,-0.07640061676129484,-0.011834149292020979,common-window
XLI,2019-06-30,0.07920456245396168,0.10384204621834336,common-window
XLI,2019-07-31,0.005166730527926822,0.03323860123249034,common-window
XLI,2019-08-31,-0.026471223586708947,0.0035394659108789472,common-window
XLI,2019-09-30,0.03011383012546265,0.011730762393890704,common-window
XLI,2019-10-31,0.011335932935019777,0.14795123418909295,common-window
XLI,2019-11-30,0.04496230685490299,0.1555782872841358,common-window
XLI,2019-12-31,-0.002011510078911094,0.2908454153976763,common-window
XLI,2020-01-31,-0.004418665941861133,0.15335064604818882,common-window
XLI,2020-02-29,-0.09900133841457037,-0.02304128776057157,common-window
XLI,2020-03-31,-0.18625931946020002,-0.19576428446900884,common-window
XLI,2020-04-30,0.08812051597417003,-0.15832381804361284,common-window
XLI,2020-05-31,0.05388558132129306,-0.03959399670133834,common-window
XLI,2020-06-30,0.019727997955375942,-0.09252339636041251,common-window
XLI,2020-07-31,0.04410503381226216,-0.057369428224799845,common-window
XLI,2020-08-31,0.08476225870807186,0.05033368600914723,common-window
XLI,2020-09-30,-0.0068216637732256835,0.012673194210437666,common-window
XLI,2020-10-31,-0.014419430510811071,-0.013116224833586432,common-window
XLI,2020-11-30,0.16027409504272305,0.09578658639842419,common-window
XLI,2020-12-31,0.010068415131651465,0.10905028647524295,common-window
XLI,2021-01-31,-0.042687659468240935,0.06641967782316027,common-window
XLI,2021-02-28,0.0688921615166822,0.2651379886697447,common-window
XLI,2021-03-31,0.08986859874963127,0.6944392727444353,common-window
XLI,2021-04-30,0.03534794806296948,0.6122609567586781,common-window
XLI,2021-05-31,0.03129589413618361,0.5777026789726951,common-window
XLI,2021-06-30,-0.02279472693855744,0.5119123730117969,common-window
XLI,2021-07-31,0.009375019232888748,0.4616217058308203,common-window
XLI,2021-08-31,0.01112633867771029,0.3624037821049515,common-window
XLI,2021-09-30,-0.060798089360878604,0.2883610007807984,common-window
XLI,2021-10-31,0.06796810865371516,0.3960588346219116,common-window
XLI,2021-11-30,-0.03560144909600915,0.16037850266450304,common-window
XLI,2021-12-31,0.05397597552279265,0.21082002565350022,common-window
XLI,2022-01-31,-0.047916058714593146,0.20420708414887256,common-window
XLI,2022-02-28,-0.008437436792239628,0.11708805245360931,common-window
XLI,2022-03-31,0.03436353697808836,0.06019675250531731,common-window
XLI,2022-04-30,-0.07613122691622465,-0.05395797152348403,common-window
XLI,2022-05-31,-0.004624941100500601,-0.08690934854835541,common-window
XLI,2022-06-30,-0.07366959377478555,-0.1344463058106462,common-window
XLI,2022-07-31,0.09503070768831279,-0.06099531271268954,common-window
XLI,2022-08-31,-0.02833522190960991,-0.09764215786126318,common-window
XLI,2022-09-30,-0.10430973909698693,-0.13944688368113778,common-window
XLI,2022-10-31,0.1389429438100669,-0.08225639729947021,common-window
XLI,2022-11-30,0.07811340174523229,0.02595724196177751,common-window
XLI,2022-12-31,-0.029898157035240458,-0.055687193689133,common-window
XLI,2023-01-31,0.03706340754968118,0.028598650013340388,common-window
XLI,2023-02-28,-0.0086402102860349,0.028388302679026145,common-window
XLI,2023-03-31,0.00619125503720408,0.00037876427976746285,common-window
XLI,2023-04-30,-0.011662466451949682,0.07018649109861919,common-window
XLI,2023-05-31,-0.03150006925828708,0.041291454153644436,common-window
XLI,2023-06-30,0.11253660979422286,0.2506065399845434,common-window
XLI,2023-07-31,0.028885590558047625,0.1750638949332608,common-window
XLI,2023-08-31,-0.01983339972933984,0.185345408177789,common-window
XLI,2023-09-30,-0.0594754128272299,0.24467860079174342,common-window
XLI,2023-10-31,-0.029788843690740086,0.060282317977933486,common-window
XLI,2023-11-30,0.0883489479820807,0.07034857693752694,common-window
XLI,2023-12-31,0.07065553363042243,0.18129311383365798,common-window
XLI,2024-01-31,-0.00964991862456055,0.12808312673722932,common-window
XLI,2024-02-29,0.07183979315337163,0.2196625259238183,common-window
XLI,2024-03-31,0.04420885251310369,0.265745851270645,common-window
XLI,2024-04-30,-0.035249222948828374,0.2355387224634662,common-window
XLI,2024-05-31,0.0163758904588045,0.29661523907226583,common-window
XLI,2024-06-30,-0.00988845363569335,0.15393390931631434,common-window
XLI,2024-07-31,0.04915058852663434,0.1766618671599991,common-window
XLI,2024-08-31,0.02815605808599697,0.23427183369160454,common-window
XLI,2024-09-30,0.03362015617184411,0.3564432688929504,common-window
XLI,2024-10-31,-0.011887231424751787,0.38147134788650017,common-window
XLI,2024-11-30,0.07591727919288838,0.3656914876950359,common-window
XLI,2024-12-31,-0.08033194101451224,0.17309704214824273,common-window
XLI,2025-01-31,0.050015308808246894,0.24377215303763577,common-window
XLI,2025-02-28,-0.0146008480991896,0.14346568637404178,common-window
XLI,2025-03-31,-0.035629451525635236,0.056038385880579966,common-window
XLI,2025-04-30,0.0011443168771796408,0.09587559147663183,common-window
XLI,2025-05-31,0.08840115076529642,0.17353458110890752,common-window
XLI,2025-06-30,0.03605235788875394,0.22798615397068733,common-window
XLI,2025-07-31,0.03043648046336367,0.2060820862068018,common-window
XLI,2025-08-31,0.0,0.17305352307317023,common-window
XLI,2025-09-30,0.01879608069929084,0.15622970839081574,common-window
XLI,2025-10-31,0.0053816515167699475,0.1764367091732275,common-window
XLI,2025-11-30,-0.008835303613214385,0.08376596994582264,common-window
XLI,2025-12-31,0.012761301027869765,0.19346999497063422,common-window
XLI,2026-01-31,0.06652918804195651,0.21224002546511356,common-window
XLI,2026-02-28,0.07072048341141657,0.31720249969052805,common-window
XLI,2026-03-31,-0.06254940651028462,0.2804334050168753,common-window
XLK,2018-06-30,-0.0026316021886055863,,common-window
XLK,2018-07-31,0.0208721156549192,,common-window
XLK,2018-08-31,0.06598998450257909,,common-window
XLK,2018-09-30,-0.0001925749813744826,,common-window
XLK,2018-10-31,-0.08004784158367706,,common-window
XLK,2018-11-30,-0.019624628733601268,,common-window
XLK,2018-12-31,-0.08376503625907505,,common-window
XLK,2019-01-31,0.06937728405246069,,common-window
XLK,2019-02-28,0.0691007596870381,,common-window
XLK,2019-03-31,0.047686558301055504,,common-window
XLK,2019-04-30,0.063648956434748,,common-window
XLK,2019-05-31,-0.08664740385454828,0.04346688977428004,common-window
XLK,2019-06-30,0.08938277969140618,0.13973418788150904,common-window
XLK,2019-07-31,0.03498198550967846,0.1554868965836278,common-window
XLK,2019-08-31,-0.015352166287509794,0.06731553405273538,common-window
XLK,2019-09-30,0.01572906290923748,0.08431221863716565,common-window
XLK,2019-10-31,0.038991187890459855,0.22461894325610365,common-window
XLK,2019-11-30,0.053663354492067494,0.316165360273144,common-window
XLK,2019-12-31,0.043206253804003225,0.4985587640872673,common-window
XLK,2020-01-31,0.039925960672368754,0.45728751265582224,common-window
XLK,2020-02-29,-0.07300976397608272,0.26357715404390825,common-window
XLK,2020-03-31,-0.08577949039552246,0.10260854311986933,common-window
XLK,2020-04-30,0.13736491660888084,0.17902458899719154,common-window
XLK,2020-05-31,0.07176461362690412,0.3835147985739771,common-window
XLK,2020-06-30,0.06949019268776713,0.35825123739555376,common-window
XLK,2020-07-31,0.056847793731091834,0.3869466750835473,common-window
XLK,2020-08-31,0.11880828720151415,0.575921238905758,common-window
XLK,2020-09-30,-0.053351209028236424,0.46874200015892087,common-window
XLK,2020-10-31,-0.05004273234344747,0.3428815890115977,common-window
XLK,2020-11-30,0.11383732571652505,0.4195726096782426,common-window
XLK,2020-12-31,0.05541630618276461,0.4361877860697012,common-window
XLK,2021-01-31,-0.008383381283897928,0.3694702605010578,common-window
XLK,2021-02-28,0.013651077864023309,0.4974969009531256,common-window
XLK,2021-03-31,0.018366498101118456,0.668088452315162,common-window
XLK,2021-04-30,0.051878713980218594,0.5427122029208065,common-window
XLK,2021-05-31,-0.009305813660003714,0.4260183544009537,common-window
XLK,2021-06-30,0.06886367016347683,0.4251829726226142,common-window
XLK,2021-07-31,0.038872842856314094,0.400943347889122,common-window
XLK,2021-08-31,0.03559331690234657,0.2967436736294584,common-window
XLK,2021-09-30,-0.05839946151698849,0.28982844853214074,common-window
XLK,2021-10-31,0.08177042073493745,0.4688010829019327,common-window
XLK,2021-11-30,0.044512164630763795,0.3773830011729753,common-window
XLK,2021-12-31,0.032473249628925505,0.34744090542641204,common-window
XLK,2022-01-31,-0.06844189142328405,0.26583144895567035,common-window
XLK,2022-02-28,-0.04877428720366306,0.18787563946575436,common-window
XLK,2022-03-31,0.03344971836512056,0.20546949192428743,common-window
XLK,2022-04-30,-0.11017403984368701,0.019754496249691833,common-window
XLK,2022-05-31,-0.006859077825460247,0.02227300287142664,common-window
XLK,2022-06-30,-0.09255718025804616,-0.1321116788169605,common-window
XLK,2022-07-31,0.13451847903745806,-0.052208030180322273,common-window
XLK,2022-08-31,-0.06212744717165841,-0.14164367442629477,common-window
XLK,2022-09-30,-0.1196711043899571,-0.19749846644142766,common-window
XLK,2022-10-31,0.07652823842409973,-0.20138733164147882,common-window
XLK,2022-11-30,0.06326754076872665,-0.18704735409904305,common-window
XLK,2022-12-31,-0.08210289873108767,-0.2772627499941811,common-window
XLK,2023-01-31,0.09257489993449575,-0.1523399653398959,common-window
XLK,2023-02-28,0.004118734991424677,-0.10520572535455908,common-window
XLK,2023-03-31,0.10858010205258783,-0.04015540313684085,common-window
XLK,2023-04-30,-0.0011918741138604583,0.07740235266502804,common-window
XLK,2023-05-31,0.08917311513999926,0.18158224126132572,common-window
XLK,2023-06-30,0.06053181416915265,0.3809195804439429,common-window
XLK,2023-07-31,0.0258253782346356,0.24861990094896513,common-window
XLK,2023-08-31,-0.01508270572879733,0.3112520786616082,common-window
XLK,2023-09-30,-0.06478327072621926,0.3930076433644285,common-window
XLK,2023-10-31,0.00048786757826002614,0.29461280892183117,common-window
XLK,2023-11-30,0.12895556750856008,0.3745932066575741,common-window
XLK,2023-12-31,0.04182666356400078,0.5601834369779202,common-window
XLK,2024-01-31,0.027015993402556893,0.466566129712626,common-window
XLK,2024-02-29,0.04704574249191995,0.5292631923769182,common-window
XLK,2024-03-31,0.007894110043713098,0.39036896066372395,common-window
XLK,2024-04-30,-0.057617616493075285,0.3118227426732916,common-window
XLK,2024-05-31,0.07076992057804765,0.28965755255922354,common-window
XLK,2024-06-30,0.07835407151137241,0.3113302723003608,common-window
XLK,2024-07-31,-0.03284267943853236,0.23633388239208575,common-window
XLK,2024-08-31,0.006992622423174888,0.2640443067271583,common-window
XLK,2024-09-30,0.026485371046715667,0.38740352754155194,common-window
XLK,2024-10-31,-0.01559167604693168,0.3651055904352787,common-window
XLK,2024-11-30,0.05170074834228022,0.271690943688204,common-window
XLK,2024-12-31,-0.0035467836382364615,0.21630648876015535,common-window
XLK,2025-01-31,-0.007354287556777139,0.17560138190700303,common-window
XLK,2025-02-28,-0.022875971123516803,0.0970947228225767,common-window
XLK,2025-03-31,-0.08286024706258066,-0.0016915735376157315,common-window
XLK,2025-04-30,0.01690245832952586,0.07725092362491015,common-window
XLK,2025-05-31,0.09972849933581118,0.10638477872687768,common-window
XLK,2025-06-30,0.0984785507893593,0.12703237318698157,common-window
XLK,2025-07-31,0.03755487097382737,0.20906692601622812,common-window
XLK,2025-08-31,-0.0011037352749879714,0.19934586342245253,common-window
XLK,2025-09-30,0.07533702522272834,0.25642415309900213,common-window
XLK,2025-10-31,0.06677076556061601,0.3615453293690061,common-window
XLK,2025-11-30,-0.0480909272029405,0.23235374139812515,common-window
XLK,2025-12-31,0.007535249837874458,0.24605933759906784,common-window
XLK,2026-01-31,-0.0006251047935511567,0.2545064208951717,common-window
XLK,2026-02-28,-0.03558528080497847,0.23818923891073962,common-window
XLK,2026-03-31,0.00014416455212495904,0.35024977157686576,common-window
XLRE,2018-06-30,0.04461567039347347,,common-window
XLRE,2018-07-31,0.010394763568120302,,common-window
XLRE,2018-08-31,0.02420562802608539,,common-window
XLRE,2018-09-30,-0.026460810970563853,,common-window
XLRE,2018-10-31,-0.015946318931758907,,common-window
XLRE,2018-11-30,0.05484604767406975,,common-window
XLRE,2018-12-31,-0.07344356485052261,,common-window
XLRE,2019-01-31,0.10741965476740734,,common-window
XLRE,2019-02-28,0.01106839375199331,,common-window
XLRE,2019-03-31,0.04948220612664933,,common-window
XLRE,2019-04-30,-0.005245752925685188,,common-window
XLRE,2019-05-31,0.012212380051521698,0.19763162195290218,common-window
XLRE,2019-06-30,0.016223454360408507,0.16508049649859147,common-window
XLRE,2019-07-31,0.017405554465674378,0.17316459989489652,common-window
XLRE,2019-08-31,0.04811529715202645,0.20055165640601347,common-window
XLRE,2019-09-30,0.010032156686754279,0.2455541516952291,common-window
XLRE,2019-10-31,-0.00025431675544862475,0.2654161153615775,common-window
XLRE,2019-11-30,-0.017289777196296097,0.17888042089968192,common-window
XLRE,2019-12-31,0.011406929784038455,0.2868377811140126,common-window
XLRE,2020-01-31,0.014481453522516619,0.17884223655613507,common-window
XLRE,2020-02-29,-0.0621973512963917,0.09341898003905369,common-window
XLRE,2020-03-31,-0.15106558728481712,-0.11552478522054155,common-window
XLRE,2020-04-30,0.09419338894167018,-0.027109524245994998,common-window
XLRE,2020-05-31,0.021521227281177113,-0.018162302310693046,common-window
XLRE,2020-06-30,0.01234995028104513,-0.021904739380959604,common-window
XLRE,2020-07-31,0.04165438691033141,0.0014071719660555537,common-window
XLRE,2020-08-31,-0.00027576214969138313,-0.04482739208949238,common-window
XLRE,2020-09-30,-0.021177942103538072,-0.07434232511148486,common-window
XLRE,2020-10-31,-0.03175479897061617,-0.10350840565961805,common-window
XLRE,2020-11-30,0.06881395469015117,-0.024959032623374622,common-window
XLRE,2020-12-31,0.014618926029819956,-0.021862526326581255,common-window
XLRE,2021-01-31,0.005470561090216153,-0.03055060192290604,common-window
XLRE,2021-02-28,0.015777856657784195,0.05005592922798119,common-window
XLRE,2021-03-31,0.06813880629506563,0.3211921557065325,common-window
XLRE,2021-04-30,0.0830586770031374,0.30774746282324816,common-window
XLRE,2021-05-31,0.011456858139163861,0.2948630969785804,common-window
XLRE,2021-06-30,0.03136504853867472,0.3191846757097203,common-window
XLRE,2021-07-31,0.04624394985122282,0.32499704608506885,common-window
XLRE,2021-08-31,0.028029379209964178,0.3625116198751457,common-window
XLRE,2021-09-30,-0.06252068483784856,0.3049628888074556,common-window
XLRE,2021-10-31,0.07581521741829689,0.4499415359380612,common-window
XLRE,2021-11-30,-0.008991815172193496,0.34439106388068974,common-window
XLRE,2021-12-31,0.10263150539177235,0.4610095520319948,common-window
XLRE,2022-01-31,-0.08627667461569777,0.32769526822687856,common-window
XLRE,2022-02-28,-0.047950902939181916,0.2443971612517366,common-window
XLRE,2022-03-31,0.0782511822971168,0.2561782255818592,common-window
XLRE,2022-04-30,-0.035595923354392545,0.11855749597681453,common-window
XLRE,2022-05-31,-0.051072999098310645,0.049406508495236645,common-window
XLRE,2022-06-30,-0.06854724831452363,-0.05225353393592058,common-window
XLRE,2022-07-31,0.08516869488023615,-0.016993316135914704,common-window
XLRE,2022-08-31,-0.0561570106520628,-0.0974927508780985,common-window
XLRE,2022-09-30,-0.13171296993730253,-0.16410386205207206,common-window
XLRE,2022-10-31,0.019994174757973715,-0.20747617471368784,common-window
XLRE,2022-11-30,0.0683366898301061,-0.14563543159334447,common-window
XLRE,2022-12-31,-0.048182687031238514,-0.2624925155683778,common-window
XLRE,2023-01-31,0.09910620673662374,-0.11286159482403435,common-window
XLRE,2023-02-28,-0.058635029721399445,-0.12281727801677722,common-window
XLRE,2023-03-31,-0.014760596669301074,-0.1984845499751049,common-window
XLRE,2023-04-30,0.009898508536297479,-0.16067416433537984,common-window
XLRE,2023-05-31,-0.045297967696377506,-0.15556614964846416,common-window
XLRE,2023-06-30,0.05583940316734548,-0.042800044386436475,common-window
XLRE,2023-07-31,0.013266226221964494,-0.10622339978999351,common-window
XLRE,2023-08-31,-0.030636496708587257,-0.08205662793764357,common-window
XLRE,2023-09-30,-0.07234921373943093,-0.01929792643011674,common-window
XLRE,2023-10-31,-0.02847083993167332,-0.0658959772601716,common-window
XLRE,2023-11-30,0.12477366611349794,-0.01655010429762027,common-window
XLRE,2023-12-31,0.0874594110166067,0.12359990701277801,common-window
XLRE,2024-01-31,-0.048177650139376804,-0.026966186487604515,common-window
XLRE,2024-02-29,0.025701494011558745,0.060207536666734285,common-window
XLRE,2024-03-31,0.01762038756434281,0.09505243163656396,common-window
XLRE,2024-04-30,-0.08449288258967202,-0.007297974373898897,common-window
XLRE,2024-05-31,0.05139535157478403,0.09324402790233255,common-window
XLRE,2024-06-30,0.01971672482795528,0.0558416518895517,common-window
XLRE,2024-07-31,0.07237707200533205,0.11743621750455868,common-window
XLRE,2024-08-31,0.057295400003763985,0.21879993269150466,common-window
XLRE,2024-09-30,0.03290733303870019,0.3570919214749775,common-window
XLRE,2024-10-31,-0.03290798792322858,0.350893839172121,common-window
XLRE,2024-11-30,0.0416665935748306,0.2510792403186062,common-window
XLRE,2024-12-31,-0.08650272605546738,0.050942650311194715,common-window
XLRE,2025-01-31,0.018440960178466748,0.1244987491963856,common-window
XLRE,2025-02-28,0.041767366708204134,0.14211211317957506,common-window
XLRE,2025-03-31,-0.023919673208758874,0.09549020271969333,common-window
XLRE,2025-04-30,-0.0131422384603479,0.18086794595615685,common-window
XLRE,2025-05-31,0.010411654688553318,0.1348373696489238,common-window
XLRE,2025-06-30,0.001549972859501425,0.11461968711319503,common-window
XLRE,2025-07-31,-0.00024129247960180678,0.03914077133452332,common-window
XLRE,2025-08-31,0.021733857160726622,0.0041898493314311835,common-window
XLRE,2025-09-30,0.0033457007346049394,-0.024549893470189543,common-window
XLRE,2025-10-31,-0.029195318401890158,-0.02080513719583843,common-window
XLRE,2025-11-30,0.018826338091116446,-0.04227559710377704,common-window
XLRE,2025-12-31,-0.021094729251392663,0.026299139209693623,common-window
XLRE,2026-01-31,0.026765845647983566,0.03468825858475011,common-window
XLRE,2026-02-28,0.05817040380545291,0.05097983233914993,common-window
XLRE,2026-03-31,-0.028740837526179286,0.04578871606836188,common-window
XLU,2018-06-30,0.028138271468096443,,common-window
XLU,2018-07-31,0.015973669477367336,,common-window
XLU,2018-08-31,0.012881338008907228,,common-window
XLU,2018-09-30,-0.006483257064944681,,common-window
XLU,2018-10-31,0.019752952870876417,,common-window
XLU,2018-11-30,0.03538829270588639,,common-window
XLU,2018-12-31,-0.03994448911362103,,common-window
XLU,2019-01-31,0.034769330959748546,,common-window
XLU,2019-02-28,0.041088493079596056,,common-window
XLU,2019-03-31,0.027914517482014567,,common-window
XLU,2019-04-30,0.00928336004297936,,common-window
XLU,2019-05-31,-0.007835282699246604,0.18153717671306868,common-window
XLU,2019-06-30,0.03186303568254356,0.18581767819423245,common-window
XLU,2019-07-31,-0.0013416986442487122,0.16560763708793536,common-window
XLU,2019-08-31,0.050881802657023245,0.20933796377536829,common-window
XLU,2019-09-30,0.04251629149795155,0.2689816634979396,common-window
XLU,2019-10-31,-0.007568627217816815,0.23498266006016055,common-window
XLU,2019-11-30,-0.01867703184803038,0.17049502889319412,common-window
XLU,2019-12-31,0.032905141930437365,0.2593129462186703,common-window
XLU,2020-01-31,0.06747153213938262,0.29911148303572443,common-window
XLU,2020-02-29,-0.09857947470737305,0.12482825738254921,common-window
XLU,2020-03-31,-0.09995606269986668,-0.015098204818620453,common-window
XLU,2020-04-30,0.033387692121231716,0.008423831584028818,common-window
XLU,2020-05-31,0.04243791753889958,0.05952088465004168,common-window
XLU,2020-06-30,-0.046722764352623125,-0.021171313340280662,common-window
XLU,2020-07-31,0.07797289950332575,0.056568393857203914,common-window
XLU,2020-08-31,-0.025974087711848393,-0.020703383463700598,common-window
XLU,2020-09-30,0.01081330839864858,-0.05048385244672737,common-window
XLU,2020-10-31,0.050522029816695735,0.0050948186724844025,common-window
XLU,2020-11-30,0.0073738969119456765,0.03177681264187804,common-window
XLU,2020-12-31,0.006204527188266251,0.005105365230193337,common-window
XLU,2021-01-31,-0.008771910558394658,-0.066683615564051,common-window
XLU,2021-02-28,-0.06098140024549403,-0.027755171032434633,common-window
XLU,2021-03-31,0.10552052282503155,0.1942046016757244,common-window
XLU,2021-04-30,0.04184894966572483,0.20398260926439216,common-window
XLU,2021-05-31,-0.023381283315518364,0.12796352759908758,common-window
XLU,2021-06-30,-0.022082914429873868,0.1571185844902785,common-window
XLU,2021-07-31,0.04333371276771314,0.11993615927172763,common-window
XLU,2021-08-31,0.03895708624038452,0.1945941007655425,common-window
XLU,2021-09-30,-0.060932044246825634,0.1098043831040234,common-window
XLU,2021-10-31,0.04743255235089383,0.10654056232184894,common-window
XLU,2021-11-30,-0.017038135538219756,0.07972539051956984,common-window
XLU,2021-12-31,0.0968930202045164,0.17704026626478786,common-window
XLU,2022-01-31,-0.03255107705729832,0.14880353975798433,common-window
XLU,2022-02-28,-0.01906155182988789,0.20008864769786605,common-window
XLU,2022-03-31,0.1034529213770281,0.19784418006973725,common-window
XLU,2022-04-30,-0.04297645513466508,0.10031793358764673,common-window
XLU,2022-05-31,0.04308192375962183,0.17519941744533596,common-window
XLU,2022-06-30,-0.04895452839997083,0.14290679719209343,common-window
XLU,2022-07-31,0.05447010083050752,0.1551060134710085,common-window
XLU,2022-08-31,0.005273829758134285,0.11765717883556936,common-window
XLU,2022-09-30,-0.11280985485750661,0.05591339650748828,common-window
XLU,2022-10-31,0.01938632805073759,0.02764008774548632,common-window
XLU,2022-11-30,0.06963156188889741,0.11824915274481373,common-window
XLU,2022-12-31,-0.004944075080789312,0.01442932398926855,common-window
XLU,2023-01-31,-0.020000118673937473,0.027589770940330993,common-window
XLU,2023-02-28,-0.05919789729132763,-0.014455372785088794,common-window
XLU,2023-03-31,0.04906012863704312,-0.06303608121912829,common-window
XLU,2023-04-30,0.019057645069703533,-0.002302242498672169,common-window
XLU,2023-05-31,-0.058712710449791095,-0.09966782420709774,common-window
XLU,2023-06-30,0.01596105758794919,-0.03821377966278483,common-window
XLU,2023-07-31,0.024908390550550497,-0.06517712890755756,common-window
XLU,2023-08-31,-0.061279282434442695,-0.1270661083858865,common-window
XLU,2023-09-30,-0.05642424917351274,-0.07158656268732355,common-window
XLU,2023-10-31,0.012896673089242139,-0.07749706266557688,common-window
XLU,2023-11-30,0.05143229723798637,-0.09319300479741133,common-window
XLU,2023-12-31,0.01858830362293662,-0.0717476517394634,common-window
XLU,2024-01-31,-0.029685732520296826,-0.08092183019452848,common-window
XLU,2024-02-29,0.010577595295924391,-0.012757513979957835,common-window
XLU,2024-03-31,0.06590006498734802,0.0030901006353203364,common-window
XLU,2024-04-30,0.016603091834593853,0.0006740076267128803,common-window
XLU,2024-05-31,0.08960164559816208,0.15834565867599038,common-window
XLU,2024-06-30,-0.05542647976983672,0.07695332245959663,common-window
XLU,2024-07-31,0.0682419635205036,0.12248737780962404,common-window
XLU,2024-08-31,0.04808355246367868,0.2532593949575743,common-window
XLU,2024-09-30,0.06602950859590151,0.4159027463132601,common-window
XLU,2024-10-31,-0.010770007280566096,0.38281968994431415,common-window
XLU,2024-11-30,0.037792680289632674,0.36488117794594,common-window
XLU,2024-12-31,-0.07974115312324093,0.23312232672690136,common-window
XLU,2025-01-31,0.0289337062255548,0.30761874620701724,common-window
XLU,2025-02-28,0.01720597718753769,0.316195422019778,common-window
XLU,2025-03-31,0.0023939196995312884,0.2377767217648541,common-window
XLU,2025-04-30,0.0006341331428596497,0.21833353346627926,common-window
XLU,2025-05-31,0.03827630229208845,0.16094431501284112,common-window
XLU,2025-06-30,0.003747341824213546,0.23367291718714034,common-window
XLU,2025-07-31,0.049105936329566724,0.2115734310274564,common-window
XLU,2025-08-31,-0.015758134579095806,0.1377731203259136,common-window
XLU,2025-09-30,0.04123623635566043,0.11131126491534071,common-window
XLU,2025-10-31,0.02167174094282931,0.14775666236542762,common-window
XLU,2025-11-30,0.01717172466577721,0.12495072082128766,common-window
XLU,2025-12-31,-0.050870001927787456,0.16024364134956492,common-window
XLU,2026-01-31,0.013117858779706282,0.1424094151787514,common-window
XLU,2026-02-28,0.10358380444477056,0.23941911167520957,common-window
XLU,2026-03-31,-0.009847082028300091,0.22428361335527702,common-window
XLV,2018-06-30,0.01649316136953871,,common-window
XLV,2018-07-31,0.06554056314944035,,common-window
XLV,2018-08-31,0.04329215801717168,,common-window
XLV,2018-09-30,0.029542688871801115,,common-window
XLV,2018-10-31,-0.06778829544355713,,common-window
XLV,2018-11-30,0.0808348613470038,,common-window
XLV,2018-12-31,-0.09353645574490954,,common-window
XLV,2019-01-31,0.048086693217079146,,common-window
XLV,2019-02-28,0.010808596416212346,,common-window
XLV,2019-03-31,0.004819192315866916,,common-window
XLV,2019-04-30,-0.027139025872137013,,common-window
XLV,2019-05-31,-0.022182643575041072,0.07599825667263205,common-window
XLV,2019-06-30,0.06594049767798826,0.12834021989185618,common-window
XLV,2019-07-31,-0.016191839400618413,0.04179076297297457,common-window
XLV,2019-08-31,-0.005924841544119097,-0.00735540872033702,common-window
XLV,2019-09-30,-0.0010557471405082675,-0.03685721795810604,common-window
XLV,2019-10-31,0.05125968991334595,0.08614081698684983,common-window
XLV,2019-11-30,0.05002572733756949,0.05518043702467823,common-window
XLV,2019-12-31,0.034753024208614036,0.20451744057099264,common-window
XLV,2020-01-31,-0.026703305818205347,0.11856476241822378,common-window
XLV,2020-02-29,-0.06586652995068698,0.03371576646383789,common-window
XLV,2020-03-31,-0.038873768548590704,-0.011233715865396343,common-window
XLV,2020-04-30,0.12587508488519372,0.1442820235230784,common-window
XLV,2020-05-31,0.032889020277043546,0.20872914602236325,common-window
XLV,2020-06-30,-0.024425813169079102,0.10625776607450788,common-window
XLV,2020-07-31,0.054561882215978796,0.1858178440975926,common-window
XLV,2020-08-31,0.025869494425596606,0.22374484651126014,common-window
XLV,2020-09-30,-0.02180458886749348,0.19832672326585055,common-window
XLV,2020-10-31,-0.036215522788163534,0.0986140775615112,common-window
XLV,2020-11-30,0.07948062171222658,0.12943195256266593,common-window
XLV,2020-12-31,0.03797837141940463,0.13295241600925656,common-window
XLV,2021-01-31,0.01401619332037396,0.18035137996702733,common-window
XLV,2021-02-28,-0.021038072097834926,0.23699567522562126,common-window
XLV,2021-03-31,0.040273134771075636,0.33885989858167354,common-window
XLV,2021-04-30,0.03931834802863321,0.23592899133884027,common-window
XLV,2021-05-31,0.01870931365358941,0.21896191146814337,common-window
XLV,2021-06-30,0.022989444670721726,0.2782063995956008,common-window
XLV,2021-07-31,0.04922589502559882,0.27173879149225066,common-window
XLV,2021-08-31,0.023155455503953704,0.2683742810968959,common-window
XLV,2021-09-30,-0.05518420854813966,0.22509269274154753,common-window
XLV,2021-10-31,0.05121764622857339,0.33623137467541087,common-window
XLV,2021-11-30,-0.030563472563672422,0.20001367107647172,common-window
XLV,2021-12-31,0.09019846149212385,0.26038566313100286,common-window
XLV,2022-01-31,-0.06856416221159989,0.1577412508875029,common-window
XLV,2022-02-28,-0.009677466394669598,0.1711765454405887,common-window
XLV,2022-03-31,0.05738160016978067,0.1904378651206886,common-window
XLV,2022-04-30,-0.04890882452565304,0.08938223847811377,common-window
XLV,2022-05-31,0.014889983395483641,0.08529794231011256,common-window
XLV,2022-06-30,-0.026080507184308876,0.03323922552182479,common-window
XLV,2022-07-31,0.03243921099146996,0.016708314025326132,common-window
XLV,2022-08-31,-0.05770398214697725,-0.06364160942459718,common-window
XLV,2022-09-30,-0.025386699011858305,-0.03411082858352665,common-window
XLV,2022-10-31,0.09611095388163671,0.00713844066792757,common-window
XLV,2022-11-30,0.04723163447053036,0.08795904167954705,common-window
XLV,2022-12-31,-0.01877713263463887,-0.020792701365788813,common-window
XLV,2023-01-31,-0.018329054002207523,0.03201886397306963,common-window
XLV,2023-02-28,-0.046415656291955765,-0.006266142896555138,common-window
XLV,2023-03-31,0.021978049001176947,-0.039538622247705546,common-window
XLV,2023-04-30,0.03143822910870897,0.041600014953411035,common-window
XLV,2023-05-31,-0.04268694335357315,-0.0174922302593582,common-window
XLV,2023-06-30,0.04260616659535077,0.05180014058235338,common-window
XLV,2023-07-31,0.010698278275337536,0.029651508639887636,common-window
XLV,2023-08-31,-0.007006703755713661,0.08504867491300616,common-window
XLV,2023-09-30,-0.029591938189842848,0.08036693170968845,common-window
XLV,2023-10-31,-0.032624034918170675,-0.04651896826312363,common-window
XLV,2023-11-30,0.05436023726104788,-0.0400285345139737,common-window
XLV,2023-12-31,0.043261071165675125,0.020666040998943425,common-window
XLV,2024-01-31,0.029329594884855092,0.07021784313512103,common-window
XLV,2024-02-29,0.03162863029160312,0.15780777538137425,common-window
XLV,2024-03-31,0.023777384722946993,0.1598462583910858,common-window
XLV,2024-04-30,-0.050091394335732176,0.06816667348585836,common-window
XLV,2024-05-31,0.024014758945768433,0.14259220750136992,common-window
XLV,2024-06-30,0.018240138213324153,0.11588947443776743,common-window
XLV,2024-07-31,0.026621052775175125,0.13346945537781107,common-window
XLV,2024-08-31,0.050591300803174644,0.19921569868593392,common-window
XLV,2024-09-30,-0.016574674771753117,0.21530223718375296,common-window
XLV,2024-10-31,-0.0464225958244292,0.19796727896213384,common-window
XLV,2024-11-30,0.0036767228113563366,0.14038051710618404,common-window
XLV,2024-12-31,-0.06252714692282324,0.024744243327934345,common-window
XLV,2025-01-31,0.06760196163635235,0.06284611827841635,common-window
XLV,2025-02-28,0.014025943820106024,0.04471076759295234,common-window
XLV,2025-03-31,-0.01581336527805144,0.004310497533932756,common-window
XLV,2025-04-30,-0.03794268898118036,0.01715496725056509,common-window
XLV,2025-05-31,-0.055741423430803905,-0.062066934938413865,common-window
XLV,2025-06-30,0.021060482593884933,-0.059469026890878074,common-window
XLV,2025-07-31,-0.03234660743783535,-0.1134917947780043,common-window
XLV,2025-08-31,0.053668616970928174,-0.11089509896423722,common-window
XLV,2025-09-30,0.01729211893956184,-0.08027647292457463,common-window
XLV,2025-10-31,0.03650221262567488,-0.000295658597580295,common-window
XLV,2025-11-30,0.09289421278969878,0.08856872376106062,common-window
XLV,2025-12-31,-0.013896562382751054,0.14503727447671788,common-window
XLV,2026-01-31,-0.000387581120225744,0.07211631373626926,common-window
XLV,2026-02-28,0.03528493771004371,0.0945931687930126,common-window
XLV,2026-03-31,-0.0573658090915905,0.04837935167711094,common-window
XLY,2018-06-30,0.03618669795089291,,common-window
XLY,2018-07-31,0.018024120253594678,,common-window
XLY,2018-08-31,0.051046528194300445,,common-window
XLY,2018-09-30,0.005304523139258777,,common-window
XLY,2018-10-31,-0.10100675450408325,,common-window
XLY,2018-11-30,0.024767370638718145,,common-window
XLY,2018-12-31,-0.07956221890417015,,common-window
XLY,2019-01-31,0.09867699144803321,,common-window
XLY,2019-02-28,0.013145573564242063,,common-window
XLY,2019-03-31,0.03655281528628529,,common-window
XLY,2019-04-30,0.054633639740739204,,common-window
XLY,2019-05-31,-0.07603909360332317,0.06262577534182068,common-window
XLY,2019-06-30,0.0781591257946308,0.1056691610257241,common-window
XLY,2019-07-31,0.012751617946056282,0.09994273167409906,common-window
XLY,2019-08-31,-0.009443262668314967,0.03663886831980245,common-window
XLY,2019-09-30,0.0127144087189075,0.04427971268572595,common-window
XLY,2019-10-31,0.0012427198674147544,0.16305374380765292,common-window
XLY,2019-11-30,0.01323953710896486,0.14997029645275317,common-window
XLY,2019-12-31,0.027631675581964332,0.2838954754837417,common-window
XLY,2020-01-31,-0.0007972215270433125,0.16765158127268553,common-window
XLY,2020-02-29,-0.07572597254316227,0.06522700967100237,common-window
XLY,2020-03-31,-0.1491335147294175,-0.12559596735673328,common-window
XLY,2020-04-30,0.18882531586893525,-0.014336722124902446,common-window
XLY,2020-05-31,0.06509460690496982,0.13622192694625612,common-window
XLY,2020-06-30,0.03073873060490495,0.08624777052540966,common-window
XLY,2020-07-31,0.07274294897123723,0.15059271791647477,common-window
XLY,2020-08-31,0.09554734287841682,0.27254577889622245,common-window
XLY,2020-09-30,-0.01863364135436596,0.23315478331649597,common-window
XLY,2020-10-31,-0.02728284155526073,0.198022010995496,common-window
XLY,2020-11-30,0.09995137697339018,0.30054731618433816,common-window
XLY,2020-12-31,0.02427797716110458,0.29630295160880005,common-window
XLY,2021-01-31,0.007650674589048112,0.3072627216435775,common-window
XLY,2021-02-28,-0.005308652640015565,0.4068586580572868,common-window
XLY,2021-03-31,0.04459819180694313,0.727182860971705,common-window
XLY,2021-04-30,0.06455631722355504,0.5466388552667663,common-window
XLY,2021-05-31,-0.03398169101080961,0.40276876992494715,common-window
XLY,2021-06-30,0.03456868019836912,0.4079810836962019,common-window
XLY,2021-07-31,0.010529442578957271,0.3263255107234342,common-window
XLY,2021-08-31,0.017846241834640342,0.2322565933045937,common-window
XLY,2021-09-30,-0.021407894486084156,0.22877309126385348,common-window
XLY,2021-10-31,0.12092515725886344,0.4159950388483291,common-window
XLY,2021-11-30,0.016355871770858288,0.30838044504463547,common-window
XLY,2021-12-31,0.0014974667210065906,0.2792813381102375,common-window
XLY,2022-01-31,-0.09533342997735306,0.1485359851658552,common-window
XLY,2022-02-28,-0.04065984735386874,0.10771717302354844,common-window
XLY,2022-03-31,0.0442667889269488,0.1073657453988035,common-window
XLY,2022-04-30,-0.11956754790763502,-0.08416236622658813,common-window
XLY,2022-05-31,-0.05120349948444469,-0.1004895726315026,common-window
XLY,2022-06-30,-0.10833479723574424,-0.22473764868437185,common-window
XLY,2022-07-31,0.18439028319200257,-0.09135433651546421,common-window
XLY,2022-08-31,-0.044954884378239024,-0.14741778563958907,common-window
XLY,2022-09-30,-0.0820637077087023,-0.20026316141953493,common-window
XLY,2022-10-31,0.011091231074972008,-0.2786254288076514,common-window
XLY,2022-11-30,0.014858317821295985,-0.2796883412856602,common-window
XLY,2022-12-31,-0.11394961637789869,-0.36272188124355054,common-window
XLY,2023-01-31,0.15128526550410282,-0.18899522491020382,common-window
XLY,2023-02-28,-0.0212508771327774,-0.17258731423799523,common-window
XLY,2023-03-31,0.03061920395361284,-0.1834008199979138,common-window
XLY,2023-04-30,-0.011234313489869141,-0.08292198123829853,common-window
XLY,2023-05-31,0.025361736062913476,-0.008916338844339178,common-window
XLY,2023-06-30,0.12229779366542792,0.24743121387336187,common-window
XLY,2023-07-31,0.023143622677378684,0.07760196053240409,common-window
XLY,2023-08-31,-0.01743986543856524,0.10864786388135261,common-window
XLY,2023-09-30,-0.05532002049065354,0.14094785240516616,common-window
XLY,2023-10-31,-0.05516214961533994,0.06618540754366187,common-window
XLY,2023-11-30,0.10966462234827534,0.1657865998034913,common-window
XLY,2023-12-31,0.06132154113786403,0.3963928616377721,common-window
XLY,2024-01-31,-0.04412498329309211,0.15937994686570156,common-window
XLY,2024-02-29,0.07892578776883163,0.278044488899285,common-window
XLY,2024-03-31,-0.00064756189370474,0.23927137306409185,common-window
XLY,2024-04-30,-0.044972695095272686,0.19698530765190947,common-window
XLY,2024-05-31,0.0019929861489094147,0.1697051300117145,common-window
XLY,2024-06-30,0.038770134415405444,0.08264915246806814,common-window
XLY,2024-07-31,0.027905905016368804,0.0876884068052346,common-window
XLY,2024-08-31,-0.0019734843024924453,0.10480960159546115,common-window
XLY,2024-09-30,0.07301953943059747,0.25490358171683325,common-window
XLY,2024-10-31,-0.01736784703064065,0.3051007723381871,common-window
XLY,2024-11-30,0.12905686751218992,0.32790841496379186,common-window
XLY,2024-12-31,0.011134428745773972,0.26511510842566266,common-window
XLY,2025-01-31,0.034856214812438724,0.3696479241792363,common-window
XLY,2025-02-28,-0.06981958675580535,0.18082233880673937,common-window
XLY,2025-03-31,-0.0831472078468889,0.08334178923229074,common-window
XLY,2025-04-30,-0.0010128992104267986,0.1332078859225061,common-window
XLY,2025-05-31,0.08384876462999591,0.22578299868812346,common-window
XLY,2025-06-30,0.01867204665502631,0.20206659265506133,common-window
XLY,2025-07-31,0.018865249196584832,0.19149415573878326,common-window
XLY,2025-08-31,0.04656109790990581,0.249437176437868,common-window
XLY,2025-09-30,0.03591380586134507,0.2062308029499964,common-window
XLY,2025-10-31,0.001210094305947429,0.2290361681396793,common-window
XLY,2025-11-30,-0.014462479717009424,0.07280801555676386,common-window
XLY,2025-12-31,0.011982095168412421,0.0737073849253378,common-window
XLY,2026-01-31,0.01473908762130316,0.05283500891847437,common-window
XLY,2026-02-28,-0.0355698409154418,0.0916009633009478,common-window
XLY,2026-03-31,-0.039876806758261885,0.14311851542601794,common-window
